-2.67478729953477,-1.00049334966977,-1.51062891846892,2.93559156554856,-1.46183061290118,1.21959974122565,-0.368019777070292,0.1893
-2.38930018756031,-2.55724721663964,-1.91585915018916,2.26245904233548,-1.39198670516408,1.18589855958704,-0.00666794949128143,0.193
-1.81236159955607,-2.9995641604717,-1.09395630826419,1.66700945728422,-1.31032955039526,1.12840834382503,0.186117646793474,0.193
-1.23153841616285,-1.64124171802545,-1.89699140679706,1.2124302872538,-1.20475815393039,1.05689654134644,0.356772568581882,0.193
-0.828046005419254,-0.5226074613108,-2.18636478627198,0.399921767762199,-1.08387185661301,0.973911178354058,0.501024516334479,0.193
-0.383705816425053,-0.0357827788171878,-1.15911644759681,-0.221274890298621,-0.959846442598693,0.86772145723648,0.50907530782213,0.193
0.0077431264632838,0.236858733421341,-0.414316508374111,-0.575414786185653,-0.832747231069685,0.739324725626558,0.394085209361211,0.193
0.29624441904099,0.391333192902666,0.0526930895375162,-0.754371534741505,-0.702190115774462,0.594422243458396,0.194745847186113,0.191212187817569
0.485037550881565,0.490362596449194,0.418778675486956,-0.812318413874587,-0.56777059879844,0.439100999251085,-0.0498519098282789,0.186172205882958
0.593436051230173,0.544438425133488,0.648265236385253,-0.785627847891665,-0.42859689161781,0.27875290629516,-0.303407939740665,0.182744202867392
0.64356694182161,0.565889201123444,0.765676780612349,-0.71086380043104,-0.284229473664256,0.117356817564812,-0.540380516430952,0.181
0.654801080464385,0.566499256842666,0.805617179791457,-0.615244471217714,-0.134899344655978,-0.0425494102495642,-0.746887016558867,0.181
0.641705164842784,0.559315785940309,0.823139411524111,-0.511965354276233,0.0187876856370098,-0.199522428731693,-0.917211822842038,0.181
0.613753569903902,0.546721903539224,0.819580034782294,-0.40719726661101,0.176224565621912,-0.352751552827828,-1.04936658058365,0.181698310973967
0.577244060503966,0.530382552412616,0.798757940884269,-0.306369870918384,0.336780161685496,-0.501878619995661,-1.14411997491925,0.182809785979903
0.536630944612666,0.511946074615763,0.765699108300673,-0.213613977184469,0.499808083754294,-0.646882884893279,-1.20427093964424,0.184081550532453
0.495203655045061,0.492566500152712,0.723561780825808,-0.131932015758543,0.664682464273809,-0.787989014008976,-1.23394133836837,0.185402806261509
0.455491180029284,0.47318064586447,0.675077845964226,-0.0635002866480512,0.830822235214065,-0.925601766570465,-1.23808132626719,0.186689272046072
0.419471071585495,0.454647629109199,0.623108540356003,-0.00969567021026104,0.99770954326346,-1.06025351627403,-1.22207966590309,0.187875719936706
0.388640858604215,0.437774085307464,0.57075570645245,0.028964222198724,1.1649041756298,-1.19255590050569,-1.19141907176649,0.188913057316538
0.364012541494177,0.423278809971305,0.521222813551688,0.0528726248031686,1.3320531268863,-1.32315254392181,-1.15136213910346,0.189768008232878
0.346081980498478,0.411726523213674,0.477522137596736,0.0633206928394026,1.49889456361879,-1.45267330902325,-1.10667309477303,0.190423317485167
0.334814338954729,0.403456379168422,0.442118596338559,0.0623879366885097,1.66525618322856,-1.58169262202777,-1.06138929258202,0.190877518475998
0.329672347795558,0.398543619902675,0.41668525679695,0.0527463086982838,1.83104883549688,-1.71069509336769,-1.01865629072528,0.191143780616514
-2.67478729953477,-1.00049334966977,-1.51062891846892,2.93559156554856,-1.46183061290118,1.26175211903311,-0.274484330286299,0.1893
-2.38930018756031,-2.55724721663964,-1.91585915018916,2.26245904233548,-1.39198670516408,1.2280509373945,0.14359961353944,0.193
-1.81236159955607,-2.9995641604717,-1.09395630826419,1.66700945728422,-1.31032955039526,1.17056072163249,0.370794977719723,0.193
-1.23153841616285,-1.64124171802545,-1.89699140679706,1.2124302872538,-1.20475815393039,1.0990489191539,0.562320478731277,0.193
-0.828046005416216,-0.52260745805937,-2.18636479129605,0.399921766602795,-1.08387185664098,1.01606355614432,0.71923107244222,0.193
-0.383705816032209,-0.035782778888096,-1.15911645037157,-0.221274892568197,-0.959846442667283,0.909873834985263,0.73495972052947,0.193
0.0077431272463902,0.236858733598672,-0.414316509419806,-0.575414788989009,-0.832747231210581,0.78147710329335,0.624626476955316,0.193
0.296786807461837,0.383268284029731,0.00234989800275778,-0.762910268330236,-0.702353855028347,0.636468282443606,0.426751237169861,0.192644824998567
0.48846076323958,0.481846737602467,0.359441283314689,-0.837302162148514,-0.568685020300255,0.480611462386137,0.177358707387045,0.187461446974002
0.601475938985353,0.539741244373945,0.600449130132745,-0.826158837162411,-0.430892623891024,0.31915401647386,-0.0878317951520127,0.183712031768695
0.656672988864452,0.565687633290964,0.733907654489853,-0.76263096971169,-0.288334594518766,0.156101553722641,-0.341921409787822,0.18156994955749
0.67249044532079,0.570563079494568,0.791365377205921,-0.673262552479326,-0.140987378713421,-0.00588961454589304,-0.569016006329916,0.181
0.663052374708274,0.565124235366487,0.814134200890314,-0.573211481779895,0.0107394919379725,-0.165235013149044,-0.761594632728614,0.181
0.63795351819011,0.554177630008287,0.817418551769047,-0.469905894752113,0.166317377811605,-0.321034279878127,-0.916739728403171,0.181463437848999
0.60351936026763,0.539248758407581,0.803182011777584,-0.36860959830733,0.32518406387253,-0.4728378551792,-1.03434846371209,0.182419167518315
0.564164229796168,0.521956459615277,0.776422158437263,-0.273533722904632,0.486744807979407,-0.620532728679614,-1.11643772228121,0.183577140698914
0.523123174105162,0.503416257025166,0.740086731047163,-0.187794574645087,0.650406004641767,-0.764253322263638,-1.16645734143115,0.184826437389576
0.482886456716242,0.484508321292426,0.696582708901657,-0.113761026356087,0.815600044787464,-0.904319710747145,-1.18880935856211,0.186081103340602
0.445435413060718,0.466035710542079,0.648401894328675,-0.0531034229758802,0.981805043811069,-1.04118996437424,-1.18847737020576,0.187272928841649
0.412333690146353,0.448767222339257,0.598303879643419,-0.0067357511459444,1.14856168549672,-1.17541689204594,-1.17069813026454,0.188348186619158
0.384731360271476,0.433418098989723,0.54925065773144,0.0252546923021926,1.31548611808736,-1.30760519926204,-1.1406562675147,0.189267359714882
0.363330982683917,0.420596316052155,0.504184068283609,0.0436339374038845,1.48227771344635,-1.43836868960491,-1.10320459342407,0.190005652639829
0.348355497730081,0.410734400998461,0.465707746386686,0.0499685421985105,1.64872123138539,-1.56828940091049,-1.06262221072782,0.190553251025287
0.339547955954071,0.404032157649247,0.435779051105599,0.0464785610300912,1.81468366376014,-1.69788178653849,-1.02242633517992,0.190914804651778
-2.67478729953477,-1.00049334966977,-1.51062891846892,2.93559156554856,-1.46183061290118,1.30390449684057,-0.180948883502307,0.1893
-2.38930018756031,-2.55724721663964,-1.91585915018916,2.26245904233548,-1.39198670516408,1.27020331520196,0.293867176570162,0.193
-1.81236159955607,-2.9995641604717,-1.09395630826419,1.66700945728422,-1.31032955039526,1.21271309943995,0.555472308645973,0.193
-1.23153841616285,-1.64124171802545,-1.89699140679706,1.2124302872538,-1.20475815393039,1.14120129696136,0.767868388880672,0.193
-0.828046005416216,-0.52260745805937,-2.18636479129605,0.399921766602795,-1.08387185664098,1.05821593395178,0.937437628776967,0.193
-0.383705816013404,-0.0357827787634544,-1.15911645081835,-0.221274892651082,-0.959846442669361,0.952026212791286,0.960844133868739,0.193
0.00774312728696642,0.236858733572285,-0.414316509699622,-0.575414789183385,-0.832747231216898,0.823629481094987,0.855167745935197,0.193
0.296919498798872,0.38126472424034,-0.0101402630702292,-0.765021508263745,-0.702394363985681,0.67859442579115,0.659780884434585,0.193
0.489654800259243,0.474817364528057,0.314087066532876,-0.8487068664058,-0.569017569072736,0.522539432120615,0.40962714432854,0.188804546436354
0.605546124500184,0.533264426767243,0.551879876868582,-0.851533665279302,-0.43204715543102,0.360474399828234,0.138230437153845,0.184897342998065
0.664829713295391,0.562445255721359,0.695054039857335,-0.800594695395726,-0.29081240060371,0.196317890017738,-0.127602949436481,0.182464944429948
0.6849627532344,0.571481548801823,0.768660256751114,-0.719790340043731,-0.145095302581595,0.0327704309463209,-0.370665279917409,0.181330396974409
0.679341578410321,0.568645057413647,0.800510098464318,-0.624777110564632,0.00490590373380816,-0.12847152057848,-0.581724859216813,0.181129936032692
0.657416024854173,0.559060234222082,0.807629540012242,-0.524768664021736,0.158774834069734,-0.286418522312839,-0.756781058032013,0.181534641416639
0.625604421805848,0.545509161096631,0.798569149647583,-0.425446996144205,0.316004314615062,-0.440557946993716,-0.895083767733771,0.182317991369193
0.588301261671678,0.529545214001375,0.777561789794878,-0.330756013642775,0.476053887048832,-0.590706741813861,-0.997980901006997,0.18333010050382
0.548653037619794,0.512174128120187,0.747097495399927,-0.243721375157094,0.638376732441708,-0.736921928945556,-1.06825522987124,0.184464593027313
0.509054155374922,0.494189164042362,0.709192073654151,-0.16673988415344,0.802438343612497,-0.879443244098137,-1.10969392188688,0.1856389321303
0.471416960129298,0.476316134384595,0.665944871997115,-0.101621565532225,0.967734210249598,-1.01865053306546,-1.12675384840982,0.186785671136783
0.437286183835575,0.45925941004752,0.619727986993539,-0.0495321608854937,1.13380684985225,-1.15502599563819,-1.12426209530085,0.187849681034593
0.407858264589218,0.443692939897478,0.57316332318628,-0.0109154814239998,1.30026041842074,-1.28911668316093,-1.10713207546986,0.188788059334453
0.383953336816429,0.430218779987583,0.528959043340676,0.014555449118369,1.46677117687539,-1.42149619964365,-1.08009617890397,0.189570884482068
0.365977602100743,0.419308804514617,0.489651474096946,0.0279652412610055,1.63309286024662,-1.55272683624571,-1.04746562444008,0.190181839032045
0.353905210670114,0.411245237858163,0.457303635623235,0.0310611824259243,1.79905680459949,-1.68332471645898,-1.01293229828748,0.190618185104964
-2.67478729953477,-1.00049334966977,-1.51062891846892,2.93559156554856,-1.46183061290118,1.34605687464803,-0.0874134367183142,0.1893
-2.38930018756031,-2.55724721663964,-1.91585915018916,2.26245904233548,-1.39198670516408,1.31235569300942,0.444134739600883,0.193
-1.81236159955607,-2.9995641604717,-1.09395630826419,1.66700945728422,-1.31032955039526,1.25486547724741,0.740149639572221,0.193
-1.23153841616285,-1.64124171802545,-1.89699140679706,1.2124302872538,-1.20475815393039,1.18335367476882,0.973416299030068,0.193
-0.828046005416216,-0.52260745805937,-2.18636479129605,0.399921766602795,-1.08387185664098,1.10036831175924,1.15564418511172,0.193
-0.383705816032209,-0.035782778888096,-1.15911645037157,-0.221274892568197,-0.959846442667283,0.994178590600183,1.18672854724338,0.193
0.0077431272463902,0.236858733598672,-0.414316509419806,-0.575414788989009,-0.832747231210581,0.86578185890827,1.08570901503935,0.193
0.296919498731406,0.381264724231916,-0.0101402629550195,-0.765021508014407,-0.702394363971824,0.720746803611972,0.89314667936728,0.193
0.49011467534783,0.468277689495041,0.273393998943647,-0.855598668112346,-0.569157016574575,0.564604787918329,0.643567488754525,0.190165321518176
0.608304750883428,0.526084411422668,0.502372672662592,-0.871955144752532,-0.432823365512588,0.402097654995358,0.367758339471009,0.186154659939227
0.671367547181489,0.558070709765978,0.653022205036671,-0.83429149741309,-0.292762281917802,0.237016196951285,0.0918862452152536,0.183463051948204
0.695820032980536,0.570483627711563,0.737486277617804,-0.763895019466676,-0.148603298584016,0.0720674462309445,-0.165935182610369,0.182009457122479
0.694388610582259,0.570532383581801,0.778964468952565,-0.676299989858556,-0.000367409548182809,-0.0909849922137612,-0.395174563135328,0.181507997861604
0.676188686944805,0.563274374701596,0.794220557965098,-0.581163136641606,0.151671952413881,-0.25106696879307,-0.590630249448332,0.181655225012034
0.647485733585019,0.551631371445701,0.792407899329422,-0.484510976456648,0.307114467990018,-0.407577621173604,-0.750522206499863,0.182226262682562
0.612586683650638,0.537254587766949,0.778169764167822,-0.390478554400575,0.465499161056917,-0.560244767556124,-0.875304669571494,0.183068544313759
0.57456683262333,0.521178628208995,0.754097875936863,-0.30221162208704,0.626337103419905,-0.709035987564207,-0.966973841380449,0.184073945395172
0.535758796162337,0.504178281474329,0.72208398106981,-0.222233480309633,0.789132562595906,-0.854102908565087,-1.02863184992605,0.185158996277494
0.498034633260089,0.486937317718217,0.683968769177945,-0.152537809315587,0.953401813829137,-0.995741796789195,-1.06416279292875,0.186255047565577
0.462937919967832,0.470114268945653,0.641807776151855,-0.0945579452616372,1.11869139020813,-1.13436008523563,-1.07795050422332,0.187304669115181
0.431718543986866,0.454350466239136,0.59791821616065,-0.0490952725866339,1.28459464116234,-1.27044349167577,-1.0746109222289,0.188261159623756
0.405313129038837,0.440243382317692,0.554783150328989,-0.0162567822235805,1.45076492986613,-1.40452187203952,-1.05873501304524,0.18908926287729
0.384305534278756,0.428299636389182,0.514855689263746,0.00456411410911311,1.6169242578134,-1.53713429329372,-1.03464979279061,0.18976602004195
0.368895060724422,0.418880540691268,0.48030280229379,0.0146406498141027,1.78286683018476,-1.66879529181223,-1.00621030177824,0.190281169738521
-2.67478729953477,-1.00049334966977,-1.51062891846892,2.93559156554856,-1.46183061290118,1.38820925245549,0.00612201006567845,0.1893
-2.38930018756031,-2.55724721663964,-1.91585915018916,2.26245904233548,-1.39198670516408,1.35450807081688,0.594402302631606,0.193
-1.81236159955607,-2.9995641604717,-1.09395630826419,1.66700945728422,-1.31032955039526,1.29701785505487,0.924826970498471,0.193
-1.23153841616285,-1.64124171802545,-1.89699140679706,1.2124302872538,-1.20475815393039,1.22550605257628,1.17896420917946,0.193
-0.828046005416216,-0.52260745805937,-2.18636479129605,0.399921766602795,-1.08387185664098,1.1425206895667,1.37385074144646,0.193
-0.383705816032209,-0.035782778888096,-1.15911645037157,-0.221274892568197,-0.959846442667283,1.03633096840764,1.41261296060034,0.193
0.0077431272463902,0.236858733598672,-0.414316509419806,-0.575414788989009,-0.832747231210581,0.90793423671573,1.31625028408137,0.193
0.296919498731406,0.381264724231916,-0.0101402629550195,-0.765021508014407,-0.702394363971824,0.762899181419432,1.12651247416027,0.193
0.490567368288124,0.461708254594657,0.232590052814589,-0.862469623193014,-0.5692960712137,0.606670693334354,0.877512757941979,0.191526096595591
0.611045852430791,0.518754683328685,0.451948921581108,-0.892493400131511,-0.43360389799015,0.443722502465526,0.597275140555264,0.18741223584533
0.677895044603776,0.553519200856761,0.609794222343119,-0.868439162860887,-0.294740324503188,0.277714047712589,0.311242035025301,0.184460342668741
0.706680998849833,0.569450330137654,0.705751696334186,-0.808707594237114,-0.152187390180685,0.111357159026245,0.0384002055010625,0.182682027816364
0.709426958377699,0.572518081106722,0.757524742090018,-0.728587107710866,-0.00578181750312757,-0.0535141613948508,-0.209368294583505,0.181871618063443
0.694900506984196,0.567645891366424,0.781287297329711,-0.638229000902372,0.144354015591313,-0.21573706159923,-0.425600624004342,0.181755364933883
0.669223698537064,0.557904511923718,0.786814339145959,-0.544090589423071,0.297931854317687,-0.3746202432316,-0.607450204087763,0.182110789739436
0.636636328070895,0.545069711690183,0.779258030635804,-0.450563396846994,0.454573112548223,-0.529802368761374,-0.754463932804181,0.182781722347173
0.600164016821965,0.530228449934698,0.761400960130331,-0.360950969772392,0.613848703134121,-0.681163142952821,-0.867851223808833,0.183657274911717
0.562094681376557,0.514154664699462,0.735080172865954,-0.277918253229653,0.77530350572002,-0.828768430498664,-0.950033857642893,0.184652410049394
0.524270002996444,0.497502863123295,0.701932089658931,-0.203640204856694,0.938476582210832,-0.97283327300445,-1.00432714237204,0.185697018521395
0.48823391514444,0.480894151289201,0.663737424206055,-0.139801688571226,1.10292055774942,-1.11369208205892,-1.03467185605623,0.186731381614104
0.455282815035862,0.464940834681817,0.622535540410643,-0.0875357546816447,1.26821988043419,-1.25176995077055,-1.0453816091438,0.187705177432628
0.426455622774649,0.450233771500705,0.580591310942687,-0.0473525782570996,1.43400650133745,-1.38755244724818,-1.04089599792262,0.1885780796009
0.402495029940411,0.43730632861111,0.540256829029143,-0.0190944030645751,1.59997159498045,-1.52155364500639,-1.02554364625738,0.189320781193251
0.383805938743906,0.426585885753687,0.503759962512563,-0.00194179192181719,1.76587251166863,-1.65428375409009,-1.0033260184007,0.189915772770667
-2.67478729953477,-1.00049334966977,-1.51062891846892,2.93559156554856,-1.46183061290118,1.43036163026295,0.0996574568496711,0.1893
-2.38930018756031,-2.55724721663964,-1.91585915018916,2.26245904233548,-1.39198670516408,1.39666044862434,0.744669865662327,0.193
-1.81236159955607,-2.9995641604717,-1.09395630826419,1.66700945728422,-1.31032955039526,1.33917023286233,1.10950430142472,0.193
-1.23153841616285,-1.64124171802545,-1.89699140679706,1.2124302872538,-1.20475815393039,1.26765843038374,1.38451211932886,0.193
-0.828046005416216,-0.52260745805937,-2.18636479129605,0.399921766602795,-1.08387185664098,1.18467306737416,1.59205729778121,0.193
-0.383705816032209,-0.035782778888096,-1.15911645037157,-0.221274892568197,-0.959846442667283,1.0784833462151,1.63849737395729,0.193
0.0077431272463902,0.236858733598672,-0.414316509419806,-0.575414788989009,-0.832747231210581,0.95008661452319,1.54679155312338,0.193
0.296919498731406,0.381264724231916,-0.0101402629550195,-0.765021508014407,-0.702394363971824,0.805051559226892,1.35987826895326,0.193
0.491012803542755,0.455109962220492,0.191683007980516,-0.869319111203247,-0.569434724292622,0.648737151777746,1.11146301152336,0.192886871673007
0.613768331661752,0.511301675725031,0.400792784180534,-0.913136453745934,-0.434388578259451,0.485349097367703,0.826782526441961,0.188670073845411
0.684402913709292,0.548797302568445,0.565417911099191,-0.902986899604695,-0.29674480642097,0.318413105864977,0.53048180153719,0.185456902426133
0.717526212232163,0.56837234598941,0.673433789768359,-0.854176500277707,-0.155844474040502,0.150643902705507,0.242379740147233,0.183348943237351
0.724430109023337,0.574590560422741,0.736158244922475,-0.781595530689544,-0.0113338384572118,-0.0160515011035552,-0.0242474294479124,0.182222017210847
0.71352204053424,0.572161489084576,0.768783875785266,-0.69593470758691,0.136824117348298,-0.180417985238659,-0.261616814363927,0.181836304976227
0.690790704280227,0.564312504171074,0.781718494801091,-0.604171303974928,0.288458653942977,-0.341672035871856,-0.465779933470168,0.181972761210024
0.660429396060111,0.55297310816324,0.780734027195203,-0.511019984625439,0.443276518802913,-0.499363569674095,-0.635364983777353,0.182470686074434
0.625434968190084,0.539307809682249,0.768902973432986,-0.419977708844275,0.600910364036909,-0.653286362839182,-0.770796747288548,0.18321535257941
0.588066289501463,0.524107471362389,0.748080467018892,-0.33386226736515,0.760947498035696,-0.803423110228707,-0.873822839831285,0.184119504383584
0.550142668322927,0.508009200971343,0.719751619460036,-0.255023369914918,0.922951838625991,-0.949910059286271,-0.947193873077837,0.185111349396351
0.513207997835705,0.491603692576699,0.685459777201611,-0.185378089607389,1.08648434572703,-1.09301024444585,-0.994406422862733,0.186128957695163
0.478596718148693,0.475476422653868,0.646987913965527,-0.126363436127836,1.25112271200167,-1.233088590516,-1.01946437589067,0.187118640788571
0.447434937177239,0.460208599552936,0.606384841493863,-0.0788616974409005,1.41647923191081,-1.37058548175612,-1.02664274975847,0.188035336774421
0.420605054687692,0.446351963859309,0.565881090254422,-0.0431355755201028,1.5822154052745,-1.50598782644772,-1.02025417499685,0.18884373519444
0.398698139474706,0.434387154982579,0.527722109301415,-0.018800384679326,1.74805218095735,-1.63979837124548,-1.00442674165804,0.189519378960709
-2.67478729953477,-1.00049334966977,-1.51062891846892,2.93559156554856,-1.46183061290118,1.47251400807041,0.193192903633664,0.1893
-2.38930018756031,-2.55724721663964,-1.91585915018916,2.26245904233548,-1.39198670516408,1.4388128264318,0.894937428693049,0.193
-1.81236159955607,-2.9995641604717,-1.09395630826419,1.66700945728422,-1.31032955039526,1.38132261066979,1.29418163235097,0.193
-1.23153841616285,-1.64124171802545,-1.89699140679706,1.2124302872538,-1.20475815393039,1.3098108081912,1.59006002947825,0.193
-0.828046005416216,-0.52260745805937,-2.18636479129605,0.399921766602795,-1.08387185664098,1.22682544518162,1.81026385411596,0.193
-0.383705816032209,-0.035782778888096,-1.15911645037157,-0.221274892568197,-0.959846442667283,1.12063572402256,1.86438178731424,0.193
0.0077431272463902,0.236858733598672,-0.414316509419806,-0.575414788989009,-0.832747231210581,0.99223899233065,1.7773328221654,0.193
0.296919498731406,0.381264724231916,-0.0101402629550195,-0.765021508014407,-0.702394363971824,0.847203937034352,1.59324406374624,0.193
0.491049505817666,0.454560140729466,0.188277791976976,-0.869887559245246,-0.569446232899064,0.69088241166163,1.34644835907624,0.193
0.61436255170858,0.505392168366178,0.363758958446944,-0.920360352825434,-0.434569171197688,0.527388129938392,1.06142235072125,0.189982340107194
0.687128619410751,0.542370430145104,0.520471381507669,-0.922475260786879,-0.29755901589003,0.360017512802383,0.76035710712236,0.1866743553365
0.723664265277764,0.564291178986586,0.634030950998927,-0.885901234044769,-0.157792832952137,0.191374811348077,0.462442124061192,0.184332215610495
0.734496398228851,0.573467947722333,0.705820192950721,-0.823267473582756,-0.0147918631020101,0.0233674219185672,0.18163417994328,0.182914776593162
0.727455814597363,0.573701495520932,0.747098128352607,-0.744954217202976,0.131634100774866,-0.142696075536136,-0.0732114706266246,0.182247790703229
0.708216054033826,0.568070382170198,0.767641930197953,-0.658195468556106,0.281445767671239,-0.305959917904099,-0.297092313492916,0.182136393745461
0.68081409936456,0.558571409168508,0.773509622185393,-0.567972835266277,0.434453337492949,-0.465896120860651,-0.487694827512496,0.182424560896629
0.64815810050057,0.546439997706234,0.768065118516682,-0.47795755803329,0.590369659894285,-0.622218441553006,-0.644606736086716,0.182997201736235
0.612440416646001,0.532495980327004,0.753263657003303,-0.391085587192265,0.748843092534452,-0.774828467441437,-0.768826613848156,0.18376650844711
0.57542427061883,0.517368994238095,0.730515793914353,-0.309823091019524,0.90948133566825,-0.923781672977578,-0.8624412872239,0.184660462224946
0.538613831295999,0.501620851382846,0.701172010922274,-0.236243695197286,1.07187256836994,-1.0692632259285,-0.928378798541815,0.185616588817749
0.503332968078052,0.485801498746814,0.666761002813029,-0.172006283359714,1.23560578861415,-1.21156665434303,-0.970186080467522,0.186579681496219
0.470739366558825,0.470463385058975,0.629070380588524,-0.118289664096101,1.40028992823247,-1.35107144824754,-0.991809273723812,0.18750180069927
0.441798009182406,0.456148321747118,0.590116219268525,-0.0757215896074013,1.56557049311034,-1.48821798099689,-0.99737222105357,0.188343304095214
0.417235265151722,0.443355743297183,0.552027218963903,-0.044329804102737,1.73114251294941,-1.62347986346894,-0.990958717346006,0.189074097633744
-2.67478729953477,-1.00049334966977,-1.51062891846892,2.93559156554856,-1.46183061290118,1.51466638587787,0.286728350417656,0.1893
-2.38930018756031,-2.55724721663964,-1.91585915018916,2.26245904233548,-1.39198670516408,1.48096520423926,1.04520499172377,0.193
-1.81236159955607,-2.9995641604717,-1.09395630826419,1.66700945728422,-1.31032955039526,1.42347498847725,1.47885896327722,0.193
-1.23153841616285,-1.64124171802545,-1.89699140679706,1.2124302872538,-1.20475815393039,1.35196318599866,1.79560793962765,0.193
-0.828046005416216,-0.52260745805937,-2.18636479129605,0.399921766602795,-1.08387185664098,1.26897782298908,2.02847041045071,0.193
-0.383705816032209,-0.035782778888096,-1.15911645037157,-0.221274892568197,-0.959846442667283,1.16278810183002,2.0902662006712,0.193
0.0077431272463902,0.236858733598672,-0.414316509419806,-0.575414788989009,-0.832747231210581,1.03439137013811,2.00787409120742,0.193
0.296919498731406,0.381264724231916,-0.0101402629550195,-0.765021508014407,-0.702394363971824,0.889356314841812,1.82660985853923,0.193
0.491049505817666,0.454560140729466,0.188277791976976,-0.869887559245246,-0.569446232899064,0.733034789469091,1.58152731533641,0.193
0.614759587122049,0.499600373786921,0.327924046115808,-0.92634866665417,-0.434694483243971,0.569464875381939,1.29653168320646,0.191299528587981
0.689501923536788,0.535647431259748,0.47461717069651,-0.940703284497727,-0.298268056579048,0.401704666314017,0.99118766024968,0.18791206636138
0.729380445101374,0.559777371187494,0.59291039664938,-0.916785465000529,-0.159608323734878,0.232234039444507,0.683845451572872,0.185343498386616
0.744141976602408,0.572015064006956,0.674110903768724,-0.864556798464578,-0.0181216406901645,0.0629530513647299,0.389051748893605,0.183632839969986
0.740990420660081,0.575054840301612,0.724625441200667,-0.793898306013094,0.126540317475797,-0.104776677868708,0.116754695906875,0.182676582011351
0.725253033392989,0.571735493011582,0.753175550182841,-0.712306961494877,0.274477889332344,-0.270025001767094,-0.126939116749949,0.182309410186057
0.700806112177365,0.564112778395042,0.766050125802128,-0.625098314676054,0.425611050427949,-0.432184508015767,-0.338736461723591,0.18238163466634
0.670480547813104,0.553512697505631,0.766975125226052,-0.536178023072774,0.579737020114141,-0.590888967542664,-0.517368805871723,0.182777430836217
0.63641822774067,0.540806006335908,0.758091314017601,-0.448636550784701,0.736568283161652,-0.745960194110433,-0.663078904990077,0.183407651115953
0.600339839248374,0.526632335542119,0.740806292208913,-0.365070224971493,0.895759180685234,-0.897374828895875,-0.777287459597503,0.184199497840295
0.563717207633824,0.511536989493945,0.716332904897465,-0.287704887831851,1.0569281332016,-1.04524197127825,-0.862350078963798,0.185089754757328
0.527863289814806,0.496041949394829,0.685985312453062,-0.21840348041937,1.21967861757114,-1.18978477986059,-0.921347791428981,0.186021791178688
0.493959185801789,0.480673567796853,0.651313057859337,-0.158614577854532,1.38361929230053,-1.33132167489122,-0.957882518492941,0.186945075971727
0.463037648903074,0.465961172866419,0.614121378313974,-0.109300442190086,1.54838237268261,-1.47024492069253,-0.975867878641745,0.187816018107856
0.435941307126508,0.452415198093145,0.576403579046549,-0.0708729398660987,1.71363903165605,-1.60699607437873,-0.97931733397202,0.188599287695542
-2.67478729953477,-1.00049334966977,-1.51062891846892,2.93559156554856,-1.46183061290118,1.55681876368533,0.380263797201649,0.1893
-2.38930018756031,-2.55724721663964,-1.91585915018916,2.26245904233548,-1.39198670516408,1.52311758204672,1.19547255475449,0.193
-1.81236159955607,-2.9995641604717,-1.09395630826419,1.66700945728422,-1.31032955039526,1.46562736628471,1.66353629420347,0.193
-1.23153841616285,-1.64124171802545,-1.89699140679706,1.2124302872538,-1.20475815393039,1.39411556380612,2.00115584977704,0.193
-0.828046005416216,-0.52260745805937,-2.18636479129605,0.399921766602795,-1.08387185664098,1.31113020079654,2.24667696678546,0.193
-0.383705816032209,-0.035782778888096,-1.15911645037157,-0.221274892568197,-0.959846442667283,1.20494047963748,2.31615061402816,0.193
0.0077431272463902,0.236858733598672,-0.414316509419806,-0.575414788989009,-0.832747231210581,1.07654374794557,2.23841536024944,0.193
0.296919498731406,0.381264724231916,-0.0101402629550195,-0.765021508014407,-0.702394363971824,0.931508692649272,2.05997565333222,0.193
0.491049505817666,0.454560140729466,0.188277791976976,-0.869887559245246,-0.569446232899064,0.775187167276551,1.81660627159659,0.193
0.615151182985017,0.493779996149457,0.291974446618499,-0.932322033807545,-0.434819468735809,0.611542046885159,1.53164493558354,0.192616717068769
0.691862702222696,0.528796980555007,0.42799455480418,-0.959040504729115,-0.298980984629511,0.443392832255402,1.22200586302162,0.189149983505614
0.735090902776533,0.555096026842565,0.550664580096033,-0.948076058462277,-0.161448541798563,0.27309224809357,0.905128151340028,0.186353946237591
0.753794952899239,0.570513554385538,0.641792022528155,-0.906508946435101,-0.0215194306467677,0.102531524055588,0.596112983745403,0.184345144863934
0.754522702403104,0.576490920720211,0.702187938142577,-0.843580887509289,0.121318297780741,-0.0668717950664034,0.306043241940061,0.183092344895642
0.742240864656841,0.575549657733662,0.739136831415689,-0.767081674092713,0.26731240169946,-0.234109310115035,0.042187605321312,0.182463658741369
0.72067240171545,0.569803478406949,0.759128378036443,-0.68274258025549,0.416497961854285,-0.398491919978117,-0.191143482489423,0.182316801539331
0.692589940201731,0.560693739917343,0.766340572459984,-0.59477217684433,0.568759342872134,-0.559573354170984,-0.391812025700526,0.182534441456977
0.660105580673194,0.549166729297443,0.763195321101183,-0.506455947511527,0.723874649770719,-0.717097317104822,-0.559307410567347,0.183025010418098
0.624914025866946,0.535890371353439,0.751171666991085,-0.420536478207967,0.881546117263939,-0.870964179851254,-0.69439284678112,0.183714178131325
0.588464523341037,0.521405863224617,0.731399297355488,-0.339389693479026,1.04142391619584,-1.0212096281538,-0.798859472109166,0.184537648199124
0.552061207940813,0.506214793425868,0.705016441477678,-0.265067309756711,1.20312783204687,-1.16798853669319,-0.875325671328443,0.185437355984204
0.51690316960265,0.490820563876373,0.673358271947201,-0.199263566995267,1.36626821440181,-1.3115593104605,-0.92704596745595,0.18636038409959
0.48407905023989,0.475738645870592,0.638026352953448,-0.143246773374546,1.53046580651566,-1.45226588904463,-0.957714089586932,0.187259514308926
0.454531396232945,0.461484522923391,0.600866943206853,-0.0977851629747066,1.69536933700978,-1.5905162804824,-0.971258172181341,0.188094538643119
