0,0.557841975511434,0.219006624136887,1,0,0.937723896518927,0.241387314169452,0.75
0.0838028685893616,0.122373108599266,0.0864636690890985,0.826127942649692,0.0118246076406017,0.931486089380064,0.343540261006068,1
0.252800159652992,0,0.361570865325824,0.672712542702826,0.0256558397671895,0.920849499459006,0.397994917475438,1
0.422399509920947,0.381874755423759,0.0892020994317915,0.555054705030973,0.0435410145596707,0.907623808835645,0.446234454165256,1
0.540506788205539,0.693693849580903,1.68579136602086e-09,0.345705259811909,0.0640041228198448,0.89226059565501,0.486727917686094,1
0.670393865047728,0.829505548078119,0.342263878991723,0.18634929048754,0.0849969315650868,0.872604712921767,0.488599634102103,1
0.784575665339282,0.905463829782981,0.589209039631695,0.0956353627692033,0.106510399922889,0.848853002885132,0.455698983540206,1
0.868619964323419,0.948454875605049,0.743817888791573,0.0498175720716138,0.128607976976469,0.822060943583111,0.39898587097889,0.851253089712525
0.923530453756837,0.976605162290368,0.869404032529663,0.0355718328822886,0.151364680521088,0.793356453362006,0.329606648597678,0.394731082057185
0.954825363160008,0.991973596165348,0.94825255656179,0.0438124834953614,0.174953259144235,0.763751163123085,0.258140641854528,0.0911853996340162
0.968986125084767,0.99718165561852,0.982795889066843,0.0640485804194394,0.199450162060387,0.733987210878922,0.191895480552186,0
0.971864768644479,0.997005276071091,0.994588862905573,0.089019646483722,0.22479300946478,0.704519875750478,0.134503334558045,0
0.967749433375388,0.994876677176511,1,0.115769968385115,0.250870828076302,0.675607034596861,0.0874413351674643,0
0.959378448136731,0.991258444487887,0.998368843260158,0.142807616294712,0.277578854646897,0.647393797034229,0.051216842601468,0.0617768142852498
0.948593683910149,0.98639337293402,0.98943324378396,0.168530835539589,0.304806147023155,0.619940154098034,0.0255272648228188,0.173493606357146
0.93676574965339,0.980888902833745,0.975781535919491,0.191644430586299,0.332433580643523,0.593236942988086,0.00939283691003352,0.296837204727153
0.924936214860095,0.975181980721768,0.95905901286853,0.211307672977671,0.360345397200897,0.56722534122007,0.00142107878900688,0.419805321001683
0.913898771102211,0.969614497682233,0.940643345214558,0.227007613327734,0.388436454143242,0.541812266075388,0,0.533851446299871
0.904242826094791,0.964482250453474,0.92188016366552,0.23853167533742,0.416616547256148,0.51688323132208,0.00344509572707461,0.633080736954854
0.896366617995085,0.960039643841729,0.904101496089736,0.245964938448469,0.44481302906898,0.492314097119994,0.0101226309518218,0.713762132136315
0.890476403175726,0.956483160265626,0.888529425434105,0.2496770252884,0.472971988907107,0.467981968670969,0.0185538441990891,0.774152094179786
0.886587779763558,0.953927988159863,0.876127757450006,0.250280681656558,0.501058098229443,0.443774821329027,0.0274974437112066,0.814360518020519
0.884540883607052,0.952393088597989,0.867483876137062,0.248559153732788,0.529053260797842,0.419599124698774,0.0360053248193211,0.836142350394951
0.884033900995857,0.951791469898854,0.862676778966465,0.245369308276582,0.556954306257191,0.395384821306921,0.0434478723729775,0.842569223042041
0.884675761461495,0.951938236640713,0.861240843201409,0.241519256382225,0.584769654586018,0.371086949907772,0.0495021979499173,0.837597690507627
0.88605031017929,0.952596107984146,0.862353223201283,0.237667231319207,0.612515199872641,0.346683809049321,0.0541043689684099,0.825477104921578
0.887775128795607,0.953525104478146,0.865061286660867,0.234268971689675,0.640210193729079,0.322172598329358,0.0573798094652093,0.810118104727484
0.889542646483637,0.95452092387955,0.868476818408809,0.23157272284995,0.66787376088104,0.297563798930541,0.0595676989592583,0.794646861943466
0.891139162255004,0.955435873769327,0.871899804574467,0.229649541616759,0.695522418308436,0.272875476869257,0.0609524877255798,0.781195089901588
0.892444123046908,0.956183039740043,0.874866488886736,0.22844210832021,0.723168703666642,0.248128379212044,0.0618108744608014,0.770904191950238
0.893415774951733,0.956728588294915,0.877138720156513,0.22781692683128,0.750820797274266,0.223342293552873,0.0623774143337477,0.76408257971094
0.894070081341812,0.957078128469305,0.878659456745948,0.227609737056066,0.778482885238269,0.198533780368996,0.0628277456284301,0.760440891025377
0.894458604431386,0.957261921696446,0.87949625604868,0.227659278417139,0.806155967177558,0.173715134006158,0.0632758860762505,0.75933882181265
0.894649089044035,0.957321885040379,0.879787297802188,0.227828555794896,0.833838839060439,0.148894292268496,0.0637810863680621,0.759998792560577
0.894710604086962,0.957301760221206,0.879697729785913,0.228015229790025,0.861529048785146,0.124075376300332,0.0643599184997108,0.761664542030912
0.894703682876246,0.95724045842035,0.8793873260093,0.228153602255797,0.889223698499511,0.099259567505588,0.0650000861645236,0.763700899979844
0.894675061225237,0.957168414248723,0.878990374524243,0.228210833644231,0.916920031844535,0.0744460823200471,0.0656734101468623,0.765641834846025
0.894656125273363,0.95710638058667,0.878606138603452,0.228179970433242,0.944615797728571,0.0496330759987173,0.0663464644892321,0.767197785974386
0.894663990493753,0.957065940944707,0.878297275677289,0.228071835974866,0.972309417510754,0.0248183756279923,0.0669882098436107,0.768235757441566
0.894704164511717,0.957051053101034,0.878093498024982,0.227907231662347,1,0,0.0675746028299794,0.768744642297413
0,0.557841975511434,0.219006624136887,1,0,0.945508409454061,0.267857744895197,0.75
0.0838028685893616,0.122373108599266,0.0864636690890985,0.826127942649692,0.0118246076406017,0.939270602315198,0.386065819543432,1
0.252800159652992,0,0.361570865325824,0.672712542702826,0.0256558397671895,0.92863401239414,0.45025840327658,1
0.422399509920947,0.381874755423759,0.0892020994317915,0.555054705030973,0.0435410145596707,0.915408321770778,0.50440429141419,1
0.540506788196395,0.693693850676366,0,0.345705259521811,0.0640041228150226,0.900045108587165,0.548480138112092,1
0.670393865153117,0.829505548059761,0.342263878025683,0.186349289905259,0.0849969315535012,0.880389225846818,0.552524679684347,1
0.784575665562554,0.905463829827873,0.58920903925593,0.095635362041217,0.106510399898796,0.856637515795132,0.520941914039853,1
0.868780741940673,0.946164189750916,0.726813558944845,0.0475865968524298,0.128579816059905,0.829825529935484,0.464637210363928,0.972680113283159
0.924543636562436,0.974214657804001,0.849565767153396,0.0290691855980619,0.151207776458302,0.801020868666131,0.393877193432207,0.502708298638026
0.957195617033736,0.990719383403645,0.932717952264379,0.0333475900930855,0.174561327503298,0.77120907031437,0.319095158321328,0.169320877605942
0.972782914331596,0.99772474914338,0.97662513700382,0.0513123988707191,0.19876087298681,0.741143974846146,0.248116312699958,0
0.976814378575488,0.998281972938826,0.991384832628335,0.0752947487894844,0.223797421123026,0.711314341416744,0.185322347078661,0
0.973582659663008,0.996428649600773,0.997593447065134,0.101432686881059,0.249578233343407,0.681997497991627,0.132527730235846,0
0.965904764260182,0.993193167180114,0.997923691081041,0.128184021516063,0.276005728812228,0.653350329407364,0.0904141177021133,0.0428249364467202
0.955624718718324,0.988679063278204,0.990989090211701,0.154063974671583,0.302978966984237,0.625447247162899,0.0588913796534937,0.142999849983257
0.944091381932089,0.983463754197326,0.979279540624663,0.177772950394122,0.330386645409336,0.598294434358057,0.0371792862998502,0.258177947686728
0.932324172826016,0.977963940518611,0.964320294158332,0.198442864582257,0.358117715017445,0.571848292327734,0.0240572361330385,0.37646573729543
0.921104341545389,0.972500807039738,0.94735077800381,0.215504558392249,0.386068632401256,0.546029868785108,0.0180500420581088,0.489154614123713
0.911026127742548,0.967353367178497,0.929580407778827,0.228658577592721,0.414147928885794,0.520736627172115,0.0175680232560003,0.590018459857529
0.902514338420403,0.96276829187186,0.912234281297767,0.237876004041741,0.442279293740889,0.495853187341405,0.021025528539302,0.67482303583217
0.895824009377634,0.958947932350917,0.896485245900517,0.243395134812319,0.470403361813685,0.471261474486377,0.0269435927813969,0.741175539396174
0.891037565185438,0.956029452451225,0.883327882882729,0.245695632837587,0.498478227982472,0.446850010074301,0.0340348711306723,0.788437874534491
0.888071614207513,0.954065618859014,0.873443665200127,0.24544268868534,0.526478749173669,0.422521701198191,0.0412659256266328,0.81758375471261
0.886700012553776,0.953018393296126,0.867118822909201,0.243407165697614,0.554394793696324,0.398199435784557,0.0478922197486204,0.83094447470217
0.886593528897176,0.95275655127068,0.864150577782749,0.24036692615713,0.582228622783388,0.37382896462174,0.0534628319685616,0.831840509591702
0.887373517676817,0.953081056795347,0.863925147877193,0.237002995726711,0.609991399256023,0.349378642472149,0.0577911890468995,0.82411994709982
0.888668113930128,0.95376975988625,0.865614014811418,0.233830698471218,0.637699330926571,0.324836436068457,0.0608993081943097,0.811587026644325
0.890157360917441,0.954617344309394,0.868366237598607,0.231175081376035,0.665370128056249,0.300205240554276,0.0629498390352336,0.797505620335675
0.891599968288557,0.955461791667641,0.871451350056113,0.229183874704642,0.693020234907835,0.275497624679889,0.0641791684682594,0.784305101936934
0.892841056446736,0.956195259267572,0.874335297418607,0.227864455700096,0.720663048652827,0.250730935382464,0.0648412923365544,0.773493225228458
0.893804877442289,0.956762113867253,0.876695855163205,0.227130337685316,0.748308113474317,0.22592336259251,0.0651675550180666,0.765735927361098
0.894478437398917,0.957149063213632,0.878396819040637,0.226845861102767,0.775961115004649,0.201091219566376,0.0653431069676692,0.761040686604594
0.894891686938679,0.957372176826772,0.879441889545976,0.226862409645036,0.803624420212902,0.176247417530712,0.0654979183311542,0.758978927665817
0.895098510089311,0.957464213049223,0.879924298442804,0.227043614707354,0.831297902101214,0.15140093880609,0.0657086325368978,0.758897491190675
0.895161022774818,0.95746426236533,0.879982749345632,0.227279952907261,0.858979832874826,0.126557034889572,0.0660072162429096,0.760089348308209
0.895138203799086,0.95741014364272,0.879766283968917,0.227494569289105,0.88666769631864,0.101717871704258,0.0663928458462507,0.76191222774431
0.895078906459952,0.957333628824695,0.879410033214528,0.227642516454351,0.914358831117234,0.0768833770633564,0.0668442282774493,0.763857135113621
0.895018681778862,0.957258194324285,0.87902153982968,0.227705868460618,0.942050872095241,0.0520521023766778,0.067330475213781,0.76557415463873
0.894979517707903,0.957198673274964,0.878675522141207,0.22768682381544,0.969741997807854,0.0272219749162349,0.0678195273575191,0.766866887977434
0.894971524424951,0.957162186758112,0.878414792373284,0.22760041027472,0.997431017027033,0.00239087472221157,0.0682838119139832,0.767667563839486
0,0.557841975511434,0.219006624136887,1,0,0.953292922389195,0.294328175620941,0.75
0.0838028685893616,0.122373108599266,0.0864636690890985,0.826127942649692,0.0118246076406017,0.947055115250332,0.428591378080796,1
0.252800159652992,0,0.361570865325824,0.672712542702826,0.0256558397671895,0.936418525329274,0.502521889077722,1
0.422399509920947,0.381874755423759,0.0892020994317915,0.555054705030973,0.0435410145596707,0.923192834705913,0.562574128663123,1
0.540506788196395,0.693693850676366,0,0.345705259521811,0.0640041228150226,0.907829621522299,0.610232358601306,1
0.670393865160172,0.829505548066996,0.342263877805881,0.186349289881095,0.0849969315531022,0.888173738781664,0.616449725438162,1
0.784575665577394,0.905463829816924,0.589209039137486,0.0956353619785114,0.106510399897454,0.864422028728927,0.586184844921865,1
0.868816439285253,0.945647739626346,0.722984885389108,0.0470859849088161,0.128573493335749,0.837605581412069,0.530591814963899,1
0.924877200454288,0.972248431596673,0.834512021253,0.0262102179675376,0.151153824291557,0.808765790915478,0.459643099650495,0.615850790143895
0.958360251514965,0.988920654218832,0.916731230264303,0.0269144444337663,0.174370503037108,0.778843735441986,0.38313920430877,0.26822997464998
0.975121197638158,0.996963933585086,0.964879669110006,0.0418141104937923,0.198351553224539,0.748578637283042,0.308913251159276,0.0637570574066927
0.98033578112864,0.998884941785119,0.986641564620276,0.0640749373594814,0.223128010980076,0.718473314678283,0.241824847679374,0
0.978059020213881,0.997582654654044,0.994996181227322,0.0894354187894143,0.248646770188828,0.688832088752189,0.18425717254137,0
0.971129407204711,0.994495287865983,0.995394614627923,0.115614554518931,0.274821853749071,0.659826115648694,0.137122087788853,0.0490167060164687
0.961472053404854,0.990242682136834,0.989581721409732,0.141070314050484,0.301554445067239,0.631536466223932,0.100413668968989,0.137570051376184
0.950440691673715,0.985337406735726,0.979465313653712,0.164666390467667,0.328739188402788,0.60397862251146,0.0734843970201109,0.242176145455269
0.939022535183446,0.980133244901571,0.966261922594704,0.18560019604754,0.35627160193655,0.577120791999947,0.055270444175698,0.351898032310773
0.927962750723174,0.974910322768711,0.950998415460553,0.203312423973707,0.384053148037536,0.550897008235678,0.0444499938256143,0.458642441028812
0.917830601070409,0.969917143685823,0.934706976132957,0.21747096981543,0.411995038126939,0.525217599499359,0.0395667349158773,0.556368034208038
0.909044886069618,0.965378614641775,0.918460371391523,0.22797788182824,0.440021203842813,0.499978667377957,0.0391369586883881,0.640737392854339
0.901877248816392,0.961486276482822,0.903317104166755,0.234972852920715,0.468070329006746,0.475071125985568,0.041744735454182,0.709028944518521
0.896449036379355,0.958380456726345,0.890216517398474,0.238818201989581,0.496096804095977,0.450389167634745,0.046123263477351,0.760099766637036
0.89273363923763,0.956132159009715,0.879857848400491,0.240058180189016,0.524070564894508,0.425837635454315,0.0512178004015084,0.794297437020236
0.89057171791795,0.954732813995004,0.872606635279159,0.239353626581576,0.551975880294558,0.401337654356742,0.0562251965259918,0.813272302909971
0.889701041431084,0.954096368517571,0.868452303666319,0.237402864168207,0.579809271116146,0.376830014809011,0.0606071462333135,0.819676400470175
0.889798218994961,0.954068753497444,0.86699438360231,0.234854746371559,0.607576715768401,0.352276014597526,0.0640758641732104,0.816777029161108
0.890526628597823,0.954460137259361,0.867575165843764,0.232235482216171,0.635290321743787,0.327655758057364,0.0665535985826816,0.808007602334787
0.891579585805705,0.955081477590653,0.86944905974176,0.229911516849645,0.662965018960726,0.302964599674561,0.0681162527922194,0.796499856727821
0.89271018112247,0.955772228318517,0.871924085864911,0.228087422490713,0.690615773323485,0.278208686213627,0.0689332413909892,0.784750490615965
0.893744922677855,0.956415344332749,0.874451744063747,0.226829425989586,0.718255601047952,0.253400475612142,0.0692133558474284,0.774469736130917
0.894582967447472,0.956940292439733,0.876662704188041,0.226102458880216,0.745894455622852,0.228554874783726,0.0691627508483882,0.76659058789915
0.895185305230418,0.957317496930729,0.878360210210414,0.225809897793495,0.773538893061682,0.203686346134901,0.068957343840674,0.761391425022898
0.895558822926719,0.957548320565907,0.87948823856287,0.225828566234719,0.801192321030672,0.178807069402919,0.0687288675807248,0.758676446683798
0.895739402305783,0.95765395800488,0.880089624734448,0.22603522059026,0.82885560482508,0.153926056716629,0.0685619308681059,0.757965477119178
0.895776866328753,0.95766558959462,0.880265933121914,0.226323755088644,0.856527823145141,0.129049014569841,0.0684986968801651,0.758659863458419
0.895723228371936,0.95761657048283,0.880142844281485,0.226614094014143,0.884207017602234,0.104178715251927,0.0685479151261739,0.760167669293559
0.895624718187638,0.957537025367438,0.879844210489612,0.226854329011801,0.911890831225902,0.0793156495443755,0.0686955217332954,0.761985070356565
0.895517371433111,0.957450816999613,0.879475684973004,0.227018218212245,0.93957698310601,0.0544587718867051,0.0689147659763051,0.763737051629793
0.895425542094217,0.957374424111905,0.879116521992803,0.227100032513708,0.967263569482917,0.0296062030655525,0.0691746216621403,0.765185751536269
0.895362528615222,0.95731719487623,0.878817681923009,0.227108353559884,0.994949209474882,0.00475580816955122,0.0694459138070314,0.766216928960163
0,0.557841975511434,0.219006624136887,1,0,0.96107743532433,0.320798606346686,0.75
0.0838028685893616,0.122373108599266,0.0864636690890985,0.826127942649692,0.0118246076406017,0.954839628185466,0.471116936618159,1
0.252800159652992,0,0.361570865325824,0.672712542702826,0.0256558397671895,0.944203038264408,0.554785374878864,1
0.422399509920947,0.381874755423759,0.0892020994317915,0.555054705030973,0.0435410145596707,0.930977347641047,0.620743965912056,1
0.540506788196395,0.693693850676366,0,0.345705259521811,0.0640041228150226,0.915614134457434,0.671984579090519,1
0.670393865153117,0.829505548059761,0.342263878025683,0.186349289905259,0.0849969315535012,0.895958251717086,0.680374771203105,1
0.784575665562554,0.905463829827873,0.58920903925593,0.095635362041217,0.106510399898796,0.8722065416654,0.651427775847834,1
0.868816439260561,0.945647739623434,0.722984885437158,0.0470859849893578,0.128573493338698,0.845390094350291,0.596634083663685,1
0.925013370662241,0.970404081757374,0.820856470613638,0.0244180325734336,0.15112996160453,0.816534058099082,0.525844455713632,0.730486395488468
0.959173657823683,0.986927257330044,0.900354191324226,0.0216357379918523,0.174238257623845,0.786529707631961,0.448081625924571,0.373198373831098
0.977038878839343,0.995797770498717,0.951300327726601,0.0331827524974487,0.198021614487848,0.75609345148994,0.371019409817289,0.144819720848191
0.983485502650747,0.998865261951168,0.978223729646162,0.0530626409444169,0.222541419079819,0.72573251988757,0.299836799530377,0.0363460133328992
0.982335473002882,0.998330278325718,0.989745547526447,0.0769510570673628,0.247780373626856,0.695769778304628,0.237382966975139,0.0171668751135524
0.976358694629943,0.995714748550709,0.991938757371625,0.102188099206143,0.273673680735756,0.66639292296924,0.18489396296177,0.055619356152059
0.967481275726693,0.991895234766281,0.988113696071795,0.12712584425111,0.300134694148817,0.637696505221547,0.142585046077344,0.128640029727775
0.957043680425586,0.987379005988964,0.98003513760088,0.150653881963239,0.327068444973985,0.609710362407169,0.110019591605683,0.220756416015604
0.946009932060321,0.982499612434079,0.968810343665794,0.171967130574369,0.354378617768863,0.582417803702128,0.0863314460039788,0.321198795997339
0.935104088017026,0.977517359756386,0.955346692033985,0.190478669893149,0.381972086888418,0.555767917353943,0.070373197461284,0.421975276109397
0.92488462758966,0.972662020620692,0.94054714322524,0.205801095738657,0.409762607716708,0.529685093403688,0.0608311912612474,0.51695426450885
0.915775912501239,0.968144267278521,0.925361754131347,0.217753059581708,0.437673943144858,0.50407748770891,0.0563254159085062,0.601527640905101
0.908074851603461,0.964150090183752,0.910755965234146,0.226366835231067,0.465642261607807,0.478845131892343,0.0554997051045224,0.672531159968632
0.90194767614534,0.96082655843022,0.897629423437658,0.2318826585869,0.493617604494531,0.453887713244863,0.0571012731738963,0.728234170789783
0.897428288173585,0.958265396468665,0.886712414685438,0.234722041733912,0.521564319966438,0.429111640490359,0.0600456955224681,0.76829760911598
0.894425957956029,0.956490448614688,0.878468868722388,0.235438405037745,0.549460473370761,0.404435828792263,0.0634626563658275,0.793649245259868
0.892745892307071,0.955455206003967,0.873042741340615,0.234650463233032,0.577296338161733,0.379795660740295,0.0667186607461968,0.806256722652334
0.89212134865158,0.955050764222437,0.870249659174273,0.232970161972566,0.605072173747784,0.355144809685353,0.0694156550906783,0.808806043507068
0.892253018659252,0.955122236577001,0.869616626162596,0.230932463969367,0.632795472277435,0.330454843847834,0.0713662962190443,0.804326404640618
0.892849140649537,0.955499224470944,0.870516906098945,0.228946176421487,0.660477955160787,0.305712874028898,0.0725503400410748,0.795790332746223
0.89365775941661,0.956024150974889,0.872307033713914,0.227276310058787,0.688132803283834,0.280917970978975,0.073062194882204,0.785753817660175
0.894486091595128,0.956571134026538,0.87442893633552,0.226053171719192,0.715772475719949,0.256077161881291,0.0730593975243116,0.776138299298343
0.895206485525569,0.957054091127575,0.876465988137904,0.225298812247584,0.743407277927127,0.231201678428176,0.0727190781746292,0.768165175958663
0.895751599780128,0.957425856016151,0.878157004441291,0.22496083738601,0.771044672190219,0.206303898546194,0.0722061809741156,0.762412094657783
0.896102804994858,0.95767153237457,0.879380506878892,0.224945588216208,0.798689204005909,0.181395181063608,0.0716541829390609,0.758945765161134
0.896275758469993,0.957799281212362,0.880122910498628,0.225145694450521,0.826342858160952,0.156484593637586,0.0711568684474016,0.757485629233787
0.896306224060871,0.957831151098678,0.880443166286375,0.225459923420458,0.854005651219422,0.131578403297777,0.0707685295978368,0.757562306665133
0.8962380343561,0.957795174865013,0.880439427255023,0.225805361121599,0.88167629952474,0.106680138918857,0.0705096952073981,0.758648370362329
0.896114115685395,0.95771933001347,0.880221526623057,0.226122761908202,0.909352842682234,0.0817910195413832,0.0703756754015307,0.760252821587522
0.895970759833738,0.957627662725198,0.879891747220786,0.226376734136623,0.937033148423475,0.0569105611336981,0.0703457268190648,0.761977916445916
0.89583479539702,0.957538314721736,0.879533397907484,0.226552580107035,0.964715268877022,0.0320372157239851,0.0703913433374869,0.763542966643088
0.895723036226509,0.957463028174979,0.879205854300915,0.226651380942365,0.992397650108687,0.00716894341966793,0.0704828270968965,0.764783636407651
0,0.557841975511434,0.219006624136887,1,0,0.968861948259464,0.34726903707243,0.75
0.0838028685893616,0.122373108599266,0.0864636690890985,0.826127942649692,0.0118246076406017,0.9626241411206,0.513642495155523,1
0.252800159652992,0,0.361570865325824,0.672712542702826,0.0256558397671895,0.951987551199542,0.607048860680006,1
0.422399509920947,0.381874755423759,0.0892020994317915,0.555054705030973,0.0435410145596707,0.938761860576181,0.678913803160989,1
0.540506788196395,0.693693850676366,0,0.345705259521811,0.0640041228150226,0.923398647392568,0.733736799579732,1
0.670393865153117,0.829505548059761,0.342263878025683,0.186349289905259,0.0849969315535012,0.90374276465222,0.744299816962484,1
0.784575665562554,0.905463829827873,0.58920903925593,0.095635362041217,0.106510399898796,0.879991054600534,0.716670706751824,1
0.868816439260561,0.945647739623434,0.722984885437158,0.0470859849893578,0.128573493338698,0.853174607285425,0.662676352313897,1
0.925147410817629,0.968551139687648,0.807162326720744,0.0226312595215013,0.151106166335411,0.824302428502271,0.592047227435158,0.845122000328983
0.959982053464347,0.984888125253739,0.88364329369381,0.0163244064814115,0.174105249827205,0.794215962279058,0.51302056723207,0.478190885589563
0.978954695745501,0.994583409738779,0.937330143263834,0.0244306294012096,0.197686752289031,0.763608054115292,0.433085500111544,0.225801187074668
0.986654315632184,0.998654675010338,0.968279409430034,0.0416881231331214,0.221939397742153,0.732988308366211,0.357699385363903,0.0879653867893736
0.986695126536538,0.998963784265215,0.983332593457979,0.0638064052582878,0.246878151004705,0.702693951294883,0.290113693980424,0.0416739856323548
0.981745340638007,0.997007957067088,0.988435020851823,0.087985655610931,0.272463832732892,0.67293021427973,0.231931736973528,0.0578058890604073
0.973688262546573,0.993708504483174,0.987117721947544,0.112463476888941,0.298628275976577,0.64380939872727,0.183675854996266,0.113323793795895
0.963843735301834,0.989604719220825,0.981295010365512,0.136058541344428,0.325289599850737,0.615378707072058,0.145167307962687,0.192298912358243
0.953162134098162,0.985040509644153,0.972106985477262,0.157914327197837,0.352360424630667,0.587638251413157,0.115758294147406,0.283599064956794
0.94235894132325,0.980272547624252,0.960413250974525,0.177389849153393,0.379753020132412,0.560552980325693,0.0944826404859421,0.378958330752384
0.931992837123052,0.975521335013255,0.947028131571325,0.194027855057718,0.407383343532488,0.53406155155993,0.0801684708365829,0.471951092237447
0.922501879420912,0.970989413854186,0.932805680739549,0.207556301474663,0.435174508111333,0.508084000375051,0.0715342249308322,0.557577761828219
0.914213359343395,0.966861169994482,0.91863697291817,0.217897719560863,0.463059627206639,0.482529082970611,0.0672759122508843,0.632155660801822
0.907340811163333,0.963292502854298,0.905393532063893,0.225171286741654,0.490983837971906,0.457301490275946,0.0661462052272178,0.693318404816694
0.901979024477559,0.960396226583676,0.893840729542666,0.229678513730895,0.518905362311307,0.432308687275321,0.0670224118112386,0.740012011892841
0.898105083643612,0.958228513219333,0.884544962314425,0.231868619548253,0.546795566384204,0.40746689591413,0.0689590223626942,0.772427960081237
0.89559018110516,0.956781354445471,0.877800587601772,0.232285205632816,0.574638075613328,0.382705682966271,0.0712207152268742,0.791845701388515
0.894223145094196,0.955985507664812,0.873606063365573,0.231501922920212,0.602427083882872,0.357970727010249,0.0732932767235197,0.800381192574886
0.893742675301377,0.955722030348007,0.871679788561006,0.230058487235779,0.630165082420603,0.333224602111374,0.0748728191073469,0.800661833789108
0.893873392001181,0.955841623241596,0.871527043692783,0.228404697969469,0.657860217194482,0.308445649725548,0.075835558139599,0.795473743111357
0.894359356272359,0.956191709610793,0.872564771767395,0.226867470517516,0.685523591002262,0.283625335877688,0.0761940504769543,0.787413948771441
0.894988570554148,0.956638623658262,0.874233024493264,0.225644839955313,0.713166914241325,0.258764790204444,0.0760490565411347,0.778612973812556
0.895605602406538,0.957080709850177,0.876070453642984,0.22482073099065,0.74080075888828,0.233871212578611,0.0755449366229559,0.770592566978094
0.896113041812754,0.95745235897196,0.877749695931536,0.224391771209384,0.768433500527675,0.208954673128451,0.0748337862089402,0.764251346790233
0.896464661218471,0.957721127815622,0.879079406834239,0.224297876788213,0.796070897292323,0.184025618275225,0.0740506168468373,0.759944585983875
0.896653856106877,0.95788079965473,0.879984304051868,0.224450496124192,0.823716167890586,0.159093192114474,0.0732994579625699,0.757616809307287
0.896700607524328,0.957943084952003,0.880475446279014,0.224755029816494,0.85137039532543,0.134164326710448,0.0726486322884182,0.756949372055841
0.89663930333196,0.957929778880341,0.880619124170212,0.225126405528012,0.879033092936801,0.109243463553374,0.0721327459878398,0.757495187343366
0.896508794348655,0.957866133213896,0.880508114191121,0.2254979065191,0.906702799883998,0.0843327283317557,0.0717588246543647,0.758785776863217
0.896345297549986,0.957776094598646,0.880239512772429,0.225824328184825,0.934377610500137,0.0594323764572573,0.0715142753469583,0.760404965818396
0.896178133404765,0.957679412834373,0.87989986816114,0.226081059359091,0.962055585374154,0.0345413529679356,0.0713749183506537,0.762029485264446
0.896027891097459,0.957590327537638,0.87955690364333,0.226260647240448,0.98973502770863,0.00965784959418711,0.0713119479502258,0.763442487973412
0,0.557841975511434,0.219006624136887,1,0,0.976646461194598,0.373739467798174,0.75
0.0838028685893616,0.122373108599266,0.0864636690890985,0.826127942649692,0.0118246076406017,0.970408654055734,0.556168053692887,1
0.252800159652992,0,0.361570865325824,0.672712542702826,0.0256558397671895,0.959772064134676,0.659312346481147,1
0.422399509920947,0.381874755423759,0.0892020994317915,0.555054705030973,0.0435410145596707,0.946546373511315,0.737083640409922,1
0.540506788196395,0.693693850676366,0,0.345705259521811,0.0640041228150226,0.931183160327702,0.795489020068945,1
0.670393865153117,0.829505548059761,0.342263878025683,0.186349289905259,0.0849969315535012,0.911527277587354,0.808224862721863,1
0.784575665562554,0.905463829827873,0.58920903925593,0.095635362041217,0.106510399898796,0.887775567535668,0.781913637655815,1
0.868816439260561,0.945647739623434,0.722984885437158,0.0470859849893578,0.128573493338698,0.860959120220559,0.728718620964109,1
0.92527929798649,0.966689865798062,0.793432266170927,0.0208500646880004,0.151082440013288,0.832070902785749,0.658251432401135,0.959757605169498
0.96078504577544,0.982811463634631,0.866662738473074,0.010984835280871,0.173971521590239,0.801902536594924,0.577956675583531,0.583207808687475
0.980865825863559,0.993321597616674,0.922978224758595,0.0155700892777406,0.197347266677906,0.771122767702584,0.495116639937052,0.306712209634666
0.98982076818935,0.998435408136202,0.958164432792435,0.030142650357875,0.221324851082651,0.740243248654956,0.415457358603023,0.139033341095459
0.991047573081616,0.999624602346975,0.976964854575626,0.0504794231451802,0.245952748234313,0.709616110449323,0.342646980196516,0.0649404785304484
0.987109702397723,0.998342178744765,0.98508273376921,0.0736251721389823,0.27121883003224,0.679464771575591,0.278672841657767,0.0582493709707226
0.979851167579711,0.995558348491624,0.986284607398277,0.0976793531989893,0.297074295166343,0.649919574456413,0.224373764142377,0.0960117611006986
0.970577406284562,0.99185326056099,0.98267511419479,0.121373392323148,0.323450821503137,0.621044983717188,0.179831659148602,0.161743032253074
0.960231015569983,0.98758835645186,0.975461379363519,0.143791470940988,0.350270272855171,0.592857561570117,0.144616418546814,0.243850147361034
0.949522861543321,0.9830216012944,0.965480022875681,0.164237139818269,0.377450605443148,0.565337687043125,0.117941652722273,0.333739104260431
0.939013245632401,0.978367312274827,0.95347415734629,0.182186505803126,0.404910293049331,0.538437926474787,0.0987766056655532,0.424675664639056
0.929152723608586,0.973821319045789,0.940212505083758,0.197283117441111,0.432572118856478,0.512090011252466,0.0859390660836485,0.511280092463366
0.920295499739586,0.969566095573776,0.926514802449114,0.2093475541479,0.460366424993316,0.486211470347051,0.0781798406621839,0.589376761487724
0.912697439173572,0.965764324396911,0.913218711526929,0.218385402162239,0.488233655272729,0.460712281318782,0.0742611435745526,0.655994301999885
0.90650887688041,0.962546423638518,0.901110358107603,0.224583357302415,0.516126018593654,0.435501434956211,0.0730269527701531,0.709392778022235
0.901770304537919,0.959996743813328,0.89083840365074,0.228287699261857,0.544008184648927,0.410493023186659,0.073461453112713,0.74904824075643
0.898416540687421,0.958143014295491,0.882833758777949,0.22996401248948,0.571857021091818,0.385611336972776,0.0747313106976755,0.775558759700633
0.896291956194562,0.95695307702862,0.877257981601077,0.230142085826879,0.599660464133682,0.360794490054508,0.0762083748713613,0.790459524097899
0.895175904511295,0.956341857960606,0.874002489142163,0.229355009624181,0.627415689702901,0.33599625510945,0.0774714375001234,0.795954940057035
0.894814363729208,0.956185167196784,0.872721679850304,0.228082832262335,0.655126823878543,0.31118607250022,0.0782885836614443,0.794597080400631
0.89495273030407,0.956340286750095,0.872915235864226,0.226708311382787,0.682802419014095,0.286347415347305,0.0785834949423869,0.788957837454679
0.895363914788899,0.956669709681411,0.874041118585405,0.225495905092386,0.710453020875539,0.261474985898353,0.0783923457909932,0.78132827236806
0.895866941407557,0.957058577289371,0.875606759785745,0.224593808056444,0.738089159016059,0.236571396119407,0.0778195213165542,0.773506218458996
0.896334699941408,0.957423611102483,0.877225013625293,0.224052227730628,0.765719938637266,0.211643916727374,0.0769985931502172,0.766709466872193
0.896692307055601,0.957714373335839,0.878635161414263,0.223849911812758,0.793352264049926,0.186701709442944,0.0760623738059131,0.761596757189846
0.896909006672509,0.957909119872759,0.879696973662138,0.223922006070162,0.820990613826716,0.161753761678227,0.0751233245919734,0.758361980125507
0.896986818285017,0.958007815551006,0.880368525373819,0.224184467867016,0.848637224689548,0.1368075700806,0.074263608656101,0.756864154164489
0.896948624573808,0.958024622194246,0.880678547280627,0.224552752899912,0.876292524935689,0.11186849746623,0.0735329009694592,0.75676136755362
0.896827516574085,0.957980917989579,0.88069772257333,0.224954155094534,0.903955676174569,0.0869396621538714,0.072951640177981,0.757627494514712
0.896658439381125,0.957899723645145,0.880514041253425,0.22533414369128,0.93162510964037,0.0620221902313078,0.0725173745673995,0.759041491356531
0.896472499001852,0.957801887391505,0.880214587093482,0.225657951326891,0.959298982427418,0.0371156686172907,0.0722122212185571,0.760645131224773
0.896293781567617,0.957703909997503,0.879873853837532,0.225908881926197,0.986975517308817,0.0122186660737267,0.0720100081086931,0.762171790197702
0,0.557841975511434,0.219006624136887,1,0,0.984430974129732,0.400209898523919,0.75
0.0838028685893616,0.122373108599266,0.0864636690890985,0.826127942649692,0.0118246076406017,0.978193166990868,0.598693612230251,1
0.252800159652992,0,0.361570865325824,0.672712542702826,0.0256558397671895,0.96755657706981,0.711575832282289,1
0.422399509920947,0.381874755423759,0.0892020994317915,0.555054705030973,0.0435410145596707,0.954330886446449,0.795253477658855,1
0.540506788196395,0.693693850676366,0,0.345705259521811,0.0640041228150226,0.938967673262836,0.857241240558159,1
0.670393865153117,0.829505548059761,0.342263878025683,0.186349289905259,0.0849969315535012,0.919311790522488,0.872149908481242,1
0.784575665562554,0.905463829827873,0.58920903925593,0.095635362041217,0.106510399898796,0.895560080470802,0.847156568559805,1
0.868816439260561,0.945647739623434,0.722984885437158,0.0470859849893578,0.128573493338698,0.868743633155693,0.794760889614321,1
0.925325081748295,0.966034545253423,0.788604357363681,0.0202261360989095,0.151074127606734,0.839849810164106,0.724665518863218,1
0.961142631923599,0.981024060830236,0.852899237113602,0.0080947803667426,0.173910510634977,0.809643568126952,0.643928193159412,0.691799480283696
0.981989655506231,0.991688484924163,0.908244555906343,0.00941178678216859,0.197149409665301,0.778756540173172,0.559276707036623,0.402008781900822
0.992014145193822,0.997600244534414,0.946184014488905,0.02100861790455,0.220910477149844,0.747687048173304,0.476402184069518,0.210329549960123
0.994386946670305,0.999647114305707,0.968359888779435,0.0390905049634702,0.245268369891742,0.716792544584528,0.399249736874707,0.109522182201646
0.991520259258956,0.999090325247527,0.979482180982516,0.0606977998309421,0.270238015989921,0.686309623656435,0.330147458274758,0.0786602744845034
0.985181645850249,0.996891036878978,0.983268948263311,0.0838331666249823,0.295792221505953,0.656384088072355,0.270245758036048,0.0963109336582501
0.97664016154351,0.993657132916315,0.981958406978989,0.107149068059939,0.321878842921575,0.627096271342366,0.21989550629021,0.146020380507721
0.966817998885158,0.989768572480891,0.976838734604843,0.129675897880606,0.348431611422601,0.598478518938849,0.178898904477429,0.215951953472117
0.956412101888861,0.985487653078685,0.968748561336703,0.15067214906564,0.375376793317335,0.570526624009004,0.146669583063798,0.297303886580992
0.945974718115103,0.981023861180202,0.958377087266573,0.169562474487071,0.402637990396691,0.543207745270381,0.122344097960543,0.383151684142273
0.935957358641585,0.976564947528507,0.946411439208402,0.185923491016224,0.430140171987254,0.51646673459982,0.104871439609178,0.467868225315276
0.926727871246151,0.972287219196584,0.933588056930837,0.199490310860558,0.457813205592665,0.490232026136972,0.0930934775174162,0.546921910192059
0.918570755622328,0.968353339880139,0.920683066044935,0.210166915996842,0.48559479375776,0.464421595407922,0.0858205606765811,0.616860864800297
0.911679783398751,0.964902892463486,0.908462668774901,0.21802946270381,0.513432643472984,0.438949026376352,0.0819015820036673,0.6753549940223
0.906150543079978,0.962039850815571,0.897610379058281,0.223315640326874,0.541285741788673,0.413729410995446,0.0802853452130322,0.721218750098536
0.901978766099563,0.959820957828058,0.888649153966775,0.226397014121944,0.569124699087132,0.388684634596725,0.080069195801884,0.754371480323636
0.899068013588356,0.958248846036488,0.881878456444065,0.227735530138361,0.596931207004206,0.363747563912537,0.0805311787665456,0.775715526067327
0.897247526922238,0.957272846814617,0.877344933137078,0.227829717201569,0.624696730247121,0.338864745270142,0.081143302125824,0.786930945811866
0.896298138395238,0.956798858928425,0.874860353872841,0.227159809429551,0.652420619017277,0.313997421345657,0.0815657275150068,0.790203497531599
0.8959818451354,0.956704558796667,0.874049422259851,0.226140914443159,0.680107886611206,0.28912093627943,0.0816244070536865,0.787920321328292
0.896070221655768,0.956858994886065,0.874434015029379,0.225090555078229,0.70776689011698,0.264222802118652,0.0812763833034567,0.782378997480385
0.896366875480093,0.957142159878666,0.87552932100412,0.224217385416876,0.735407209328312,0.239299917288946,0.0805692912122087,0.775542794720897
0.89672075983034,0.957458009991725,0.876915159554734,0.223628668635756,0.763037979543396,0.214355512832142,0.0796020270079621,0.76888818819086
0.897030079669344,0.957740012259975,0.878275250358159,0.223349874208973,0.790666792091487,0.189396303684703,0.0784915951132305,0.763362028645561
0.897238616231685,0.957950482520691,0.879407431772332,0.223349485773566,0.8182991525628,0.164430158506759,0.0773487659488894,0.759425868226729
0.897327222494081,0.958075837511803,0.880212764542601,0.223563433948344,0.845938401438874,0.139464430887202,0.0762630395500684,0.757154695794505
0.897303233393398,0.958120117794924,0.880674100823565,0.22391566990718,0.873585959686123,0.114504953990247,0.0752958658823051,0.756357744530031
0.897189926608402,0.958098260863866,0.880830264250071,0.224333395456723,0.901241760864826,0.0895556106047118,0.0744802860152229,0.756695839802074
0.897017456971096,0.958030111366159,0.880750872422224,0.224756506894305,0.928904747206506,0.0646183396438321,0.0738248416927655,0.757780263092318
0.896816014610357,0.957935874199075,0.880515855385489,0.225141941708521,0.956573336867218,0.0396934252880323,0.0733197034854672,0.759244896677557
0.896611372108906,0.957833128284197,0.880200818019761,0.225464143642124,0.984245806405197,0.0147799296572612,0.0729433807936092,0.760790064529938
0,0.557841975511434,0.219006624136887,1,0,0.992215487064866,0.426680329249663,0.75
0.0838028685893616,0.122373108599266,0.0864636690890985,0.826127942649692,0.0118246076406017,0.985977679926002,0.641219170767614,1
0.252800159652992,0,0.361570865325824,0.672712542702826,0.0256558397671895,0.975341090004944,0.763839318083431,1
0.422399509920947,0.381874755423759,0.0892020994317915,0.555054705030973,0.0435410145596707,0.962115399381583,0.853423314907788,1
0.540506788196395,0.693693850676366,0,0.345705259521811,0.0640041228150226,0.94675218619797,0.918993461047372,1
0.670393865153117,0.829505548059761,0.342263878025683,0.186349289905259,0.0849969315535012,0.927096303457622,0.936074954240621,1
0.784575665562554,0.905463829827873,0.58920903925593,0.095635362041217,0.106510399898796,0.903344593405936,0.912399499463796,1
0.868816439260561,0.945647739623434,0.722984885437158,0.0470859849893578,0.128573493338698,0.876528146090827,0.860803158264534,1
0.925325081748295,0.966034545253423,0.788604357363681,0.0202261360989095,0.151074127606734,0.84763432309924,0.791192610364001,1
0.961260032010223,0.979398549340326,0.840928003188977,0.00654261886338774,0.173889137467818,0.817413999365013,0.710461646854848,0.802315878927717
0.98268753619295,0.989832957597044,0.893162466896638,0.00472148842947017,0.197029164393373,0.786454697397583,0.624595992605139,0.505126623747351
0.993685445689133,0.996398157704074,0.932951708532445,0.013138191055838,0.220604986276936,0.755232569845898,0.539071781154687,0.292668898002881
0.997190741089118,0.999309714638971,0.958393773762302,0.0286639377382762,0.244712687529738,0.724104934290297,0.458026997602964,0.165531428631381
0.995432288851536,0.999531622761902,0.972652513421117,0.0484423778669971,0.269394686092737,0.693319190685916,0.384113376480945,0.109401729834565
0.990076637423382,0.997969646484967,0.97915863915061,0.0704006402948746,0.294647328808955,0.663035756579779,0.318800626700547,0.105372839759495
0.982344370733712,0.995250208192386,0.980237468241822,0.0931054173867801,0.320436571041833,0.633350507607635,0.262720667594173,0.137418137311782
0.973133075833394,0.991775207179188,0.97727656654192,0.11552516047126,0.346709672808708,0.604311395476989,0.215919384624982,0.193543876998395
0.96312445447397,0.987816552881957,0.971145524353375,0.136870932294132,0.373402719412572,0.575929571401758,0.178021663403925,0.264747052865333
0.952861066036134,0.983582827503352,0.962503231065845,0.156519469559747,0.400445892660447,0.548186945268213,0.148344021581242,0.343928149754357
0.942791904070117,0.97925556194542,0.951969642639099,0.173988176943299,0.427767756813728,0.521041967375033,0.125981723553442,0.425254154621926
0.933292815445187,0.975004574929208,0.940201949833109,0.188936414668103,0.455299022908875,0.494434836011246,0.109885362988312,0.503898339566905
0.924669635696615,0.970990081204481,0.927907774587662,0.201175896755738,0.482975807888139,0.468292761460938,0.0989330880570935,0.575995762368349
0.917151751489039,0.967356607707467,0.915815720025321,0.210678775818167,0.510742242819889,0.442535461653057,0.0919992142976993,0.638687631252424
0.910882998885021,0.964222446091561,0.904617994192704,0.217575734614049,0.538552281687202,0.417080736179864,0.0880169667802892,0.690171610606843
0.905915666305883,0.961668092312304,0.89489976181489,0.222139582528415,0.56637062851186,0.391849757477305,0.0860317246463072,0.729708069002868
0.902211776314332,0.959727147639145,0.887072027817651,0.224753334314475,0.594172783028142,0.366771627063858,0.0852409434446738,0.757555462460821
0.899653680335328,0.958382793241535,0.881325629254294,0.225865610570154,0.621944280277407,0.341786768850698,0.0850176910129881,0.77482587070571
0.898063498249243,0.957571768468877,0.877620428290812,0.225939773340105,0.649679263896144,0.316848861343772,0.0849163353590306,0.783267714511407
0.897228554575312,0.957195999407977,0.87571644548331,0.225405586841105,0.677378592111658,0.291925221364281,0.084661193214975,0.784998207165444
0.896928391724722,0.95713820045272,0.875230233282488,0.224621211161609,0.7050477207226,0.266995790988378,0.0841213584891327,0.782221943866829
0.896959001112788,0.957279623810631,0.875714804507129,0.223850274263561,0.732694599013422,0.242051053775192,0.0832763677560147,0.776977938259202
0.897150540301247,0.957515932602077,0.876740092438114,0.223257555878334,0.760327832668068,0.217089354965777,0.0821787823504712,0.770944581600908
0.897376570234406,0.957766764982605,0.877948241099596,0.222919793892293,0.787955305608314,0.192114124316957,0.0809194896643965,0.765333962673808
0.897555241137154,0.957978856930933,0.879080499858858,0.222845427457447,0.815583326586274,0.167131388647514,0.0795995815733827,0.7608802445642
0.897644388190973,0.958124141065978,0.879979941389873,0.222997370552724,0.843216263880929,0.142147808644204,0.0783105532150195,0.757897960893841
0.897633051339569,0.958194880617623,0.880578487984534,0.223314353528497,0.870856565986279,0.117169326967518,0.0771227817773299,0.756380186914399
0.897531720962683,0.958197679651534,0.880876135110242,0.223728377350403,0.898505042379802,0.0922004033426422,0.0760810975634188,0.75610890659513
0.897363043220298,0.95814744919862,0.880917032207884,0.224177064059252,0.92616128115911,0.0672437407804979,0.075205662172962,0.756757970595811
0.897154109294325,0.958062326148099,0.880767774589219,0.224610867984926,0.953824097811075,0.0423003692027496,0.0744961770142175,0.757976630573279
0.896930839840988,0.957959949012049,0.880500307734733,0.224995968601984,0.981491940906284,0.0173699493438595,0.0739376608008447,0.759447621876497
0,0.557841975511434,0.219006624136887,1,0,1,0.453150759975408,0.75
0.0838028685893616,0.122373108599266,0.0864636690890985,0.826127942649692,0.0118246076406017,0.993762192861136,0.683744729304978,1
0.252800159652992,0,0.361570865325824,0.672712542702826,0.0256558397671895,0.983125602940078,0.816102803884573,1
0.422399509920947,0.381874755423759,0.0892020994317915,0.555054705030973,0.0435410145596707,0.969899912316717,0.911593152156721,1
0.540506788196395,0.693693850676366,0,0.345705259521811,0.0640041228150226,0.954536699133104,0.980745681536585,1
0.670393865153117,0.829505548059761,0.342263878025683,0.186349289905259,0.0849969315535012,0.934880816392756,1,1
0.784575665562554,0.905463829827873,0.58920903925593,0.095635362041217,0.106510399898796,0.91112910634107,0.977642430367786,1
0.868816439260561,0.945647739623434,0.722984885437158,0.0470859849893578,0.128573493338698,0.884312659025961,0.926845426914746,1
0.925325081748295,0.966034545253423,0.788604357363681,0.0202261360989095,0.151074127606734,0.855418836034374,0.857719701864784,1
0.961375835059225,0.977764821115011,0.828916925450934,0.00499427297622214,0.1738678196196,0.825184509866479,0.776996215206233,0.912832277571736
0.983381954446097,0.987936205784954,0.877781666844764,0,0.196908228832822,0.794153021763369,0.689911361246658,0.608263450662838
0.995356817552926,0.99514966766862,0.919345516938452,0.00515527447011852,0.220295091428665,0.762777706653387,0.601703847127086,0.374924272916956
1,0.998963074467687,0.948249889302116,0.0180624851167452,0.244145215999479,0.731415536429331,0.516697245164103,0.220962085837756
0.99934789623586,1,0.965859555667889,0.0359985818247411,0.268529636479131,0.700325328076218,0.437880961375526,0.138901638750961
0.994962316466953,0.999091861347348,0.975205794233889,0.0568036754862327,0.29346957693475,0.669682841596779,0.367060671700252,0.11271366330388
0.988018046649515,0.996885141418785,0.978700816481696,0.0789367565997804,0.318949952469406,0.639599891768102,0.305159461881511,0.126865352765718
0.979393869603829,0.993811214406179,0.977864915801652,0.101287195428808,0.344931986620198,0.61014002728325,0.252470197634003,0.169120113493614
0.969762220641519,0.990158632720105,0.97363159403992,0.123009115655299,0.371361815907628,0.581329452102415,0.20882818475049,0.23017318839597
0.95966043434107,0.986140232064332,0.966654965604783,0.143428299140251,0.398176394726837,0.553164386909287,0.173727592573302,0.30268478329779
0.949537189527246,0.981934706189477,0.957506278091728,0.162004717714971,0.42530810487163,0.525616456053816,0.146408020891412,0.380589576151453
0.939776096622747,0.977707168621524,0.94677544105662,0.178327089250392,0.452688757287558,0.498637330467778,0.125928259546357,0.458768461428183
0.930701879854288,0.973615600125649,0.935106675077358,0.19212183437844,0.480253143734464,0.47216336880447,0.111235531957697,0.532964452268233
0.92257546765578,0.969808141006376,0.92318852423239,0.203264341606189,0.507942045061367,0.446120564816763,0.101232555241444,0.599819969778934
0.915584143686853,0.966414732025135,0.911711881070625,0.211784099095331,0.535704539694986,0.420429769842499,0.0948411729877826,0.656946870320892
0.90983231453827,0.963536144749765,0.901308217492956,0.217858029356048,0.563499491595,0.395011920204028,0.0910594333048108,0.702971905085743
0.905337433125497,0.961233509022725,0.892481958361684,0.221789226197352,0.591296170627642,0.369792861461693,0.0890083084462785,0.737523606374257
0.902034056059122,0.959521441678482,0.885552998698124,0.223971633790545,0.619074035716337,0.344707327050413,0.0879645214572408,0.7611442394682
0.899786933186017,0.958367288308429,0.880624774026278,0.224844751493047,0.646821779298547,0.319701696728086,0.0873770404794433,0.775125514178733
0.898411737880043,0.957697592540418,0.877588183192331,0.224845346212156,0.674535790501962,0.294735317251718,0.0868666026288587,0.781281237031403
0.897700085187027,0.957411023333878,0.876162776903902,0.224364525318232,0.702218247084499,0.269780383131522,0.0862098921938414,0.781683806667765
0.897444488088571,0.957393962156258,0.875957860843155,0.22371664818593,0.729875078054364,0.244820592109656,0.0853121143220925,0.778402105587792
0.897459354712815,0.957536816077943,0.876549142395207,0.223123633405577,0.757514024768761,0.219848935841559,0.0841728531515343,0.773279351300825
0.897595086440796,0.957747098218584,0.877547359524246,0.22271597001034,0.785143023317684,0.19486508783989,0.0828509407198422,0.767776249012521
0.897744203460627,0.957956392984077,0.878641559223632,0.222546109480153,0.812769050949609,0.169872829207085,0.0814332541053514,0.762901278264583
0.897840431738342,0.958121645070858,0.879616664910589,0.222608410398009,0.840397465090599,0.144877831236385,0.0800104210515587,0.759223203032478
0.897852814346303,0.958222323255296,0.880350667247423,0.222860457460585,0.868031777333857,0.1198859695355,0.0786604964964193,0.756940424554754
0.897777175835734,0.958255461987267,0.880800107138686,0.22324223489305,0.895673756318116,0.0949022156222982,0.0774401835443316,0.755979126542331
0.897626927697922,0.958229877360418,0.880978883714633,0.223691206726366,0.923323740916251,0.0699300605297421,0.0763822852222569,0.756096498810973
0.897424683198284,0.958160699682679,0.880936092092221,0.224152457929274,0.950981049943972,0.0449713653134852,0.0754975950199613,0.756973268081759
0.897195555948576,0.958064962942503,0.880736816899161,0.224584199779892,0.978644397345245,0.0200265092022726,0.0747794020982928,0.75828535468336
