1,0,0,0,0,0,0,0.193
1.18685112002197,-0.540688970400371,-0.326358708402939,-0.229204887691844,0.970884969554046,-0.37858827801166,0.041460768407967,0.193
2.04931582158341,-0.384116834807443,-0.338675199061055,-0.48036122669148,2.28621195032319,-1.48499915621557,0.0146241271795668,0.193
2.68561294801869,-0.138499108677672,-0.209104598332525,-0.809196254416902,3.99602684025119,-3.12507605951521,0.00488165906398494,0.193
3.17429909585019,-0.073242317972856,-0.0597821137889754,-0.928448822185542,5.79589291206047,-5.47016335275542,-0.0381654855001656,0.193
3.39859877838864,-0.0562705786440151,-0.0231950877753941,-0.965426826293908,7.6657702630368,-8.19355789962771,-0.0597462037127174,0.193
3.48856870227839,-0.0514301337486094,-0.0155205617054976,-0.983821768685486,9.55688379352603,-11.0797875174191,-0.0696581261111511,0.193
3.52834239045864,-0.0493495839326697,-0.0137735465247361,-0.998284884212671,11.437555778992,-14.0447066106874,-0.075897297546163,0.193
3.55108418410902,-0.0479187190632701,-0.0131367833444802,-1.01170665006041,13.294353575533,-17.0595870421629,-0.0810657844454084,0.193
3.56797491929065,-0.046670133818707,-0.012704539430623,-1.0246206438323,15.1226197739127,-20.1143797293104,-0.0858568542137514,0.193
3.58255817072079,-0.0454976430918105,-0.01231999637751,-1.03713061172706,16.9209679593894,-23.2049061856166,-0.0904524789580665,0.193
3.59594322769321,-0.044374898163061,-0.0119580158472559,-1.0492680048791,18.6891080115242,-26.3288202910457,-0.0949041837306021,0.193
3.60849417482635,-0.0432936684949223,-0.0116142824679003,-1.06105270797229,20.4271075215783,-29.4843810619918,-0.0992292882624384,0.193
3.62035035230809,-0.042250096115492,-0.0112872209578672,-1.07250212571867,22.1351578406847,-32.6700835662661,-0.103435652961748,0.193
3.63158231272766,-0.0412415482927158,-0.010975528179001,-1.08363227202965,23.8135016416249,-35.8845461466338,-0.107528314559931,0.193
3.64223794522329,-0.0402658593776082,-0.0106779780955541,-1.09445789510463,25.4624097497108,-39.1264734850181,-0.111511346120888,0.193
3.65235617215148,-0.0393211269027854,-0.0103934489718702,-1.10499256723514,27.082172700224,-42.3946421974709,-0.115388403335768,0.193
3.66197117515538,-0.0384056422316351,-0.0101209344135599,-1.11524879668591,28.6730967510173,-45.6878933385898,-0.119162896322797,0.193
3.67111385440326,-0.0375178568921875,-0.00985953694726484,-1.12523814068194,30.2355013466747,-49.0051272376364,-0.122838051237243,0.193
3.67981246120125,-0.0366563603064743,-0.0096084559996059,-1.13497130848105,31.7697171524505,-52.3452993020114,-0.12641693810194,0.193
3.68141595344407,-0.0298315544620985,0.023142317115226,-1.12279104450067,33.3068435881868,-55.6912649735709,-0.126618746507629,0.18291424843167
3.66631412666458,-0.02972663414997,0.0327526839031431,-1.09343923566822,34.918328832862,-58.9941807231976,-0.118400135346606,0.181
3.63995542340731,-0.0317674850841239,0.0355976304301896,-1.05917113487445,36.6244585755352,-62.2251632600616,-0.106739695593356,0.181
3.60666990433774,-0.0341675217632505,0.0381284840387535,-1.02231618325026,38.427305766894,-65.3686363537683,-0.0938438131643576,0.181
3.56753259302391,-0.036787742948161,0.0408063547193543,-0.982863097915817,40.3270706473175,-68.4118825642558,-0.0800436931044739,0.181
3.52227868052965,-0.0396401548607126,0.0436595991380313,-0.940644916214731,42.3230590530876,-71.3420470629481,-0.0653923265045531,0.181
3.47016323389559,-0.042753312308639,0.0466913690845248,-0.895484367260372,44.4131459044914,-74.1454515787697,-0.0499322365092464,0.181
3.41020892717833,-0.0461639645160788,0.0499017303895591,-0.847202587681868,46.5932856083757,-76.8074938896487,-0.0337331824896291,0.181
3.34126305152107,-0.0499188601845665,0.0532851668774295,-0.795623099732508,48.8570288971608,-79.3127661015494,-0.016907024618091,0.181
3.26200156690669,-0.0540787237472465,0.0568254158405152,-0.740579775621553,51.1950026735568,-81.6453263278265,0.000378948508315125,0.181
3.17092224396944,-0.0587245520511126,0.0604867308564872,-0.681931535639023,53.59434675009,-83.7891430683888,0.0178869135179683,0.181
3.08060455165672,-0.0713876386084875,0.024855510867345,-0.643914452732567,56.0212862477801,-85.7568177584278,0.032148536535578,0.187848935202395
3.02981770007952,-0.0830805241344315,-0.0183269805962004,-0.645081867665166,58.4193659535755,-87.6436387506432,0.0357881099505957,0.193
3.03445263901977,-0.0844593507056483,-0.0288841538497591,-0.67007777176298,60.7662196819876,-89.5592183846421,0.0301891866089254,0.193
3.07148431097451,-0.0820236508203012,-0.0296648513884878,-0.69974282213283,63.0766111130674,-91.5539574987227,0.0220956621899434,0.193
3.11974314585502,-0.0786361275545539,-0.0279121018339623,-0.728611185241841,65.3624019757934,-93.6424180371898,0.0138131226981244,0.193
3.1685274566214,-0.0752769019185058,-0.0258193513637218,-0.755469417502847,67.6275450267463,-95.8244585887399,0.00581717495819292,0.193
3.2138865139392,-0.0722039983596913,-0.0239461544797418,-0.780327626111364,69.8717839545521,-98.094784776891,-0.00182610822417108,0.193
3.25496685406854,-0.0694359547694375,-0.0223634116148592,-0.803459526628425,72.0934172600723,-100.446962886615,-0.00913813629426803,0.193
3.2809830202681,-0.0603358857970974,0.0141459507192651,-0.802755650813745,74.3118599828681,-102.851156624797,-0.0130025710770013,0.187207291005448
3.26920072305498,-0.0566824670074271,0.0375385045404415,-0.773499971084063,76.5783820512669,-105.220520101564,-0.00719889858579621,0.183976341686995
3.22819458661622,-0.0611639568995637,0.0300312939442807,-0.740816476165401,78.9009887670202,-107.494232555461,0.00342259832994366,0.186158512997525
3.19366305788785,-0.0721604857095614,-0.0124501722616217,-0.736705071362212,81.2348470243255,-109.696536041663,0.00920883397725227,0.193
3.19579795859042,-0.0735989935976847,-0.0220599396159408,-0.755236138075817,83.5310527745936,-111.914950707482,0.0054453759114321,0.193
3.22108653800789,-0.0719476363228126,-0.0231671931696679,-0.778159376897406,85.7904808656701,-114.192312102568,-0.00125533128067653,0.193
3.25468405332386,-0.069576117240352,-0.0223060091097679,-0.800958365440669,88.0197389460679,-116.541143909954,-0.00837016088915919,0.193
3.27668853498877,-0.0597028456857877,0.0187074096932036,-0.797246594802222,90.2456913707718,-118.935383103462,-0.0117800738162897,0.186420633850542
3.25933408215728,-0.0567057361044153,0.0406294691989766,-0.764368646932939,92.5249520882119,-121.282659705693,-0.00476111193542002,0.183538020170602
3.21416729773892,-0.0623910028289072,0.0284124418380611,-0.731575711014544,94.8596611406587,-123.526277334316,0.00637639966766016,0.186570562075364
3.17913068738587,-0.0731785086212834,-0.0131843876490674,-0.728518586869844,97.2009162406555,-125.699545716837,0.0117590702233365,0.193
3.1820280004437,-0.0745265188007491,-0.0226304167449112,-0.7476838020203,99.5033114189658,-127.891020125965,0.00776445384276993,0.193
3.20843964008394,-0.0727966800925658,-0.0236630835971023,-0.771138989374447,101.7690536941,-130.143414664143,0.000934341586945646,0.193
3.24320681723118,-0.0703486120963547,-0.0227338245521342,-0.794399428156962,104.00507090013,-132.4691397661,-0.00627955271494476,0.193
3.26893383388648,-0.0619191606277901,0.0102131307952584,-0.796422287433925,106.2330052741,-134.847669105903,-0.0105416476082712,0.187868017785429
3.26107784536669,-0.0579725508992705,0.0334868888041544,-0.771229028123686,108.501421092434,-137.201006039597,-0.00594447807524722,0.184683557095877
3.22492787524969,-0.0616693521713827,0.0282285626651693,-0.741125497373051,110.82122572866,-139.46960201773,0.00358460606653676,0.186387391408042
3.19369880164827,-0.0721889600477458,-0.0128206026296715,-0.737933823281664,113.151914111557,-141.673159432365,0.00889916777833241,0.193
3.19734765701583,-0.073486117017863,-0.022077514645992,-0.75661914355737,115.44586364427,-143.895214632236,0.00503260329897345,0.193
3.22312321853685,-0.0718025419541616,-0.0231031380657705,-0.779508649058997,117.703585919682,-146.176864554587,-0.00167493528572677,0.193
3.25676533840634,-0.0694316873313614,-0.0222311230622123,-0.8022355429991,119.931322579119,-148.530000337753,-0.00877793866107082,0.193
3.27726479692622,-0.0587969212391945,0.0229275048419614,-0.795694622672228,122.158434411933,-150.925366568234,-0.0117778078366586,0.185677468581573
1,0,0,0,0,7.14285714285714,0,0.193
1.18685112002197,-0.540688970400371,-0.326358708402939,-0.229204887691844,0.970884969554046,6.76426886484548,0.041460768407967,0.193
2.04931582158341,-0.384116834807443,-0.338675199061055,-0.48036122669148,2.28621195032319,5.65785798664158,0.0146241271795668,0.193
2.68561294801869,-0.138499108677672,-0.209104598332525,-0.809196254416902,3.99602684025119,4.01778108334193,0.00488165906398494,0.193
3.17429909585019,-0.073242317972856,-0.0597821137889754,-0.928448822185542,5.79589291206047,1.67269379010172,-0.0381654855001656,0.193
3.39859877838864,-0.0562705786440151,-0.0231950877753941,-0.965426826293908,7.6657702630368,-1.05070075677057,-0.0597462037127174,0.193
3.48856870227839,-0.0514301337486094,-0.0155205617054976,-0.983821768685486,9.55688379352603,-3.93693037456196,-0.0696581261111511,0.193
3.52834239045864,-0.0493495839326697,-0.0137735465247361,-0.998284884212671,11.437555778992,-6.90184946783022,-0.075897297546163,0.193
3.55108418410902,-0.0479187190632701,-0.0131367833444802,-1.01170665006041,13.294353575533,-9.91672989930571,-0.0810657844454084,0.193
3.56797491929065,-0.046670133818707,-0.012704539430623,-1.0246206438323,15.1226197739127,-12.9715225864532,-0.0858568542137514,0.193
3.58255817072079,-0.0454976430918105,-0.01231999637751,-1.03713061172706,16.9209679593894,-16.0620490427594,-0.0904524789580665,0.193
3.59594322769321,-0.044374898163061,-0.0119580158472559,-1.0492680048791,18.6891080115242,-19.1859631481885,-0.0949041837306021,0.193
3.60849417482635,-0.0432936684949223,-0.0116142824679003,-1.06105270797229,20.4271075215783,-22.3415239191347,-0.0992292882624384,0.193
3.62035035230809,-0.042250096115492,-0.0112872209578672,-1.07250212571867,22.1351578406847,-25.5272264234089,-0.103435652961748,0.193
3.63158231272766,-0.0412415482927158,-0.010975528179001,-1.08363227202965,23.8135016416249,-28.7416890037767,-0.107528314559931,0.193
3.64223794522329,-0.0402658593776082,-0.0106779780955541,-1.09445789510463,25.4624097497108,-31.983616342161,-0.111511346120888,0.193
3.65235617215148,-0.0393211269027854,-0.0103934489718702,-1.10499256723514,27.082172700224,-35.2517850546137,-0.115388403335768,0.193
3.66197117515538,-0.0384056422316351,-0.0101209344135599,-1.11524879668591,28.6730967510173,-38.5450361957327,-0.119162896322797,0.193
3.67111385440326,-0.0375178568921875,-0.00985953694726484,-1.12523814068194,30.2355013466747,-41.8622700947793,-0.122838051237243,0.193
3.67981246120125,-0.0366563603064743,-0.0096084559996059,-1.13497130848105,31.7697171524505,-45.2024421591542,-0.12641693810194,0.193
3.6880929649495,-0.035819862483528,-0.0093669755785276,-1.14445825204065,33.2760843874773,-48.5645592145525,-0.129902487426006,0.193
3.69597931900516,-0.0350071796917209,-0.00913445324298848,-1.15370824495596,34.7549513630257,-51.9476762251353,-0.133297502452405,0.193
3.70349367624484,-0.0342172223089795,-0.0089103106118281,-1.16272995114042,36.2066731839478,-55.3508933205894,-0.136604669217241,0.193
3.70838990656315,-0.0311573375604318,0.00365751222770365,-1.16351871110334,37.6431308447349,-58.7678217019147,-0.138632950437674,0.189118519491583
3.70322621614943,-0.0268870182621237,0.0280859959360372,-1.14351833803042,39.1133232112097,-62.1709516887796,-0.135305633427309,0.181
3.68495343557353,-0.028299636756271,0.0318186420491248,-1.11324191805327,40.6692823798126,-65.5222295332052,-0.12567230730759,0.181
3.65918431941272,-0.0303847395572661,0.0341666338523536,-1.08024159411962,42.3189322381393,-68.8033853419824,-0.114205416531538,0.181
3.62814871852776,-0.0326825262508855,0.036583917411586,-1.04487892949207,44.0639307408081,-72.0024421490562,-0.101784081308344,0.181
3.59206035972869,-0.0351769282712099,0.0391629796441775,-1.0070194682078,45.9053547903116,-75.1080519512454,-0.088493002688001,0.181
3.55044155033581,-0.0378870287047106,0.0419125425208117,-0.966496126415175,47.8434106649087,-78.1082071078002,-0.0743469497370296,0.181
3.50254098725861,-0.0408389403494742,0.0448373418557741,-0.923135953161532,49.877003705167,-80.9899208160108,-0.0593684467566642,0.181
3.44744059260435,-0.0440649880505042,0.0479403502581947,-0.876761995337645,52.0033369432632,-83.739188283026,-0.0436053960243332,0.181
3.38407264557629,-0.0476056179859157,0.0512204242725988,-0.827196148350091,54.2174823484059,-86.3410770226719,-0.0271420334152242,0.181
3.31121208578043,-0.0515125503750509,0.0546687243524175,-0.774264924842934,56.5119011983215,-88.7799296902932,-0.0101103672393873,0.181
3.22746366667513,-0.0558536211149541,0.0582626719603084,-0.71780988793362,58.8759107424811,-91.0397054992087,0.00729636146708048,0.181
3.13125340835971,-0.0607203388192926,0.0619549859224275,-0.657706311155412,61.2951090850604,-93.1045080709139,0.0248077039611823,0.181
3.02135340021226,-0.0664886597041843,0.0643263005325968,-0.594741749235514,63.7502440024932,-94.9603624214826,0.0419496396804934,0.181238135218511
2.92562168958161,-0.0878330679991069,-0.0113756467874985,-0.575726566127166,66.1915129647684,-96.6507304717538,0.0525630638402765,0.193
2.90522976170157,-0.0930334387628366,-0.0328006648670327,-0.600209536846078,68.5644835834611,-98.3362293465756,0.048123022070964,0.193
2.94071983447683,-0.0910963014330591,-0.0363148088345214,-0.635572284135856,70.8912044854086,-100.102391609132,0.0392391047573862,0.193
2.99989989499742,-0.0868626990788956,-0.0341755073303616,-0.671029978648001,73.1944325132308,-101.978395697807,0.0299056757402887,0.193
3.06308210317534,-0.0823936122340409,-0.0309220226934924,-0.703583940965151,75.4833369681443,-103.967916876072,0.0209568293654261,0.193
3.12191419212253,-0.0783519757358285,-0.0279794387867601,-0.732989357528029,77.7586225498098,-106.064493726995,0.012509611151984,0.193
3.174234663123,-0.074827251070916,-0.0255956677477618,-0.759732082659698,80.0176796579414,-108.258992288654,0.00451909825307295,0.193
3.22035648435945,-0.0717425035351991,-0.0236867221628127,-0.784339166763121,82.2572785093997,-110.5425994905,-0.00308058452716416,0.193
3.26124673294826,-0.0690027138167517,-0.0221277670450409,-0.80722181326498,84.4745676557414,-112.907660331558,-0.0103440186301093,0.193
3.28696208601465,-0.0600032488747759,0.0139996835957124,-0.806514732478997,86.6885090922903,-115.324272385588,-0.0141869432236853,0.187234479083365
3.27513834404681,-0.0562718331009504,0.0377894002101911,-0.777139626495224,88.9506258376372,-117.706050968884,-0.00837632865641447,0.183895290815478
3.23379095743355,-0.060624486329121,0.0310430757815581,-0.743736854811119,91.2701796536994,-119.991165149428,0.00241077448622214,0.185962514890416
3.19840551672262,-0.0718228449941005,-0.0121172866151081,-0.7390398190873,93.6024730223319,-122.202634491306,0.00845768187285555,0.193
3.1998524913108,-0.0733289830798505,-0.0218738095646897,-0.757327987322398,95.8972056511202,-124.428856447224,0.00479574710088024,0.193
3.22464141529469,-0.0717112953705158,-0.0230260762659349,-0.780090806210819,98.1549594282663,-126.713205219875,-0.00186164968531768,0.193
3.25785089403191,-0.0693638896899278,-0.0221889832970337,-0.802761540035946,100.382349645779,-129.068419447595,-0.00894768071455508,0.193
3.27909232708528,-0.0592539743779718,0.0201877666924146,-0.79802167897412,102.607224017343,-131.467570412235,-0.0121993615153008,0.186160160886573
3.26003500879999,-0.0564112326665427,0.0419414589852609,-0.763763694981973,104.887701385509,-133.815866896241,-0.00474733810876662,0.183313581846056
3.21318826561311,-0.062419154289541,0.0286612097906762,-0.730344112787747,107.224573959419,-136.056934398338,0.0067063550268818,0.186562837313681
3.17728143419777,-0.07329919462824,-0.0131834545697722,-0.727188077136343,109.567493852347,-138.22623775001,0.0121531578879453,0.193
3.17989995526669,-0.0746716284766141,-0.0226986432729228,-0.746394691283902,111.871178004333,-140.413423023347,0.00815492150541154,0.193
3.20633356912534,-0.0729399832584168,-0.0237427381978403,-0.769926362454948,114.138088855715,-142.661618741645,0.00131005931590615,0.193
3.24123984649481,-0.0704818928942509,-0.0228074353630287,-0.793264065008113,116.375286590182,-144.983378625983,-0.00591935049095663,0.193
3.26778492422094,-0.062417665410897,0.00813254503853623,-0.796663122083774,118.603204441294,-147.359604631329,-0.0103815707964243,0.188212950133839
1,0,0,0,0,-7.14285714285714,0,0.193
1.18685112002197,-0.540688970400371,-0.326358708402939,-0.229204887691844,0.970884969554046,-7.5214454208688,0.041460768407967,0.193
2.04931582158341,-0.384116834807443,-0.338675199061055,-0.48036122669148,2.28621195032319,-8.62785629907271,0.0146241271795668,0.193
2.68561294801869,-0.138499108677672,-0.209104598332525,-0.809196254416902,3.99602684025119,-10.2679332023724,0.00488165906398494,0.193
3.17429909585019,-0.073242317972856,-0.0597821137889754,-0.928448822185542,5.79589291206047,-12.6130204956126,-0.0381654855001656,0.193
3.39859877838864,-0.0562705786440151,-0.0231950877753941,-0.965426826293908,7.6657702630368,-15.3364150424849,-0.0597462037127174,0.193
3.48856870227839,-0.0514301337486094,-0.0155205617054976,-0.983821768685486,9.55688379352603,-18.2226446602763,-0.0696581261111511,0.193
3.52834239045864,-0.0493495839326697,-0.0137735465247361,-0.998284884212671,11.437555778992,-21.1875637535445,-0.075897297546163,0.193
3.55108418410902,-0.0479187190632701,-0.0131367833444802,-1.01170665006041,13.294353575533,-24.20244418502,-0.0810657844454084,0.193
3.56797491929065,-0.046670133818707,-0.012704539430623,-1.0246206438323,15.1226197739127,-27.2572368721675,-0.0858568542137514,0.193
3.58255817072079,-0.0454976430918105,-0.01231999637751,-1.03713061172706,16.9209679593894,-30.3477633284737,-0.0904524789580665,0.193
3.59594322769321,-0.044374898163061,-0.0119580158472559,-1.0492680048791,18.6891080115242,-33.4716774339028,-0.0949041837306021,0.193
3.60849417482635,-0.0432936684949223,-0.0116142824679003,-1.06105270797229,20.4271075215783,-36.627238204849,-0.0992292882624384,0.193
3.62035035230809,-0.042250096115492,-0.0112872209578672,-1.07250212571867,22.1351578406847,-39.8129407091232,-0.103435652961748,0.193
3.63158231272766,-0.0412415482927158,-0.010975528179001,-1.08363227202965,23.8135016416249,-43.027403289491,-0.107528314559931,0.193
3.64223794522329,-0.0402658593776082,-0.0106779780955541,-1.09445789510463,25.4624097497108,-46.2693306278753,-0.111511346120888,0.193
3.64812532806879,-0.0356359626259333,0.00946429336074154,-1.09207030556921,27.0997963755742,-49.5273298277488,-0.11344288018071,0.187601000011948
3.6387189074679,-0.0318518900132764,0.0334417019255168,-1.06665645205103,28.7848162073128,-52.7596247077764,-0.108309253380228,0.181
3.61241360434589,-0.0336553856612285,0.037485319592615,-1.03087756606685,30.5637324942677,-55.9199327009708,-0.0966974194367671,0.181
3.57624654586498,-0.0361818804779054,0.0401974591701901,-0.992031009165672,32.4408544923488,-58.9858689549496,-0.0832169979128353,0.181
3.53289529301395,-0.0389748519806444,0.0430047883287827,-0.950444325216843,34.4149837514744,-61.9424741737263,-0.068773317175579,0.181
3.48254013362546,-0.042025328695811,0.0459922791973994,-0.905961016255709,36.484007001872,-64.7757011169281,-0.0534942584962933,0.181
3.4244893179887,-0.0453648407248462,0.0491611813012675,-0.858399256655325,38.6442396208092,-67.4709995217914,-0.0374546050148268,0.181
3.35769598347435,-0.0490371262137628,0.052506015534084,-0.807579920721784,40.8897849394942,-70.0130845681178,-0.0207577809348951,0.181
3.28089424084024,-0.0530991939184155,0.0560129324742771,-0.75333302039554,43.2119682754319,-72.3860921084412,-0.00355769430700059,0.181
3.19654495161494,-0.059677119655663,0.0486773560902122,-0.702506425339151,45.5930806145202,-74.5819795554137,0.012965742448106,0.183177247184009
3.13026209037562,-0.0757162181407731,-0.0099209156703205,-0.6895002488684,47.9830367966618,-76.6492367423972,0.0225889296610654,0.193
3.11891793935233,-0.0787454919343987,-0.0240365771166116,-0.708238050237449,50.3242070662857,-78.7137041181616,0.0193692025701631,0.193
3.14324515527161,-0.0772375544560185,-0.0261072027068624,-0.733773560754488,52.6233110570702,-80.8377383675867,0.0122548818951598,0.193
3.1814597209093,-0.0745334114666487,-0.025134668572298,-0.759497920862143,54.8921432004093,-83.0410717415627,0.00458491385542105,0.193
3.22229267113676,-0.071699746289812,-0.0236003960919404,-0.783872854454861,57.1356846601289,-85.3266017815914,-0.00293920062163696,0.193
3.26134574806299,-0.069031178323408,-0.0221319767263067,-0.806725352154226,59.3547279646584,-87.6911851938467,-0.010187807540807,0.193
3.28359491324426,-0.058447931851156,0.0225882362758398,-0.80035412867225,61.5750778375876,-90.100415048711,-0.0132215987354628,0.18572744584464
3.26245798663051,-0.0557956826710406,0.0443015085949278,-0.763704717444821,63.8559454975697,-92.453324711994,-0.00504294023106291,0.182890035173162
3.21284956369941,-0.0623001574107115,0.029494892968209,-0.728920557733601,66.1956786665837,-94.6928151621332,0.00701699032124571,0.186475393041777
3.17516907173674,-0.073422290206946,-0.0130634826445146,-0.725366123596025,68.5412305040521,-96.8573193731154,0.0126733338540319,0.193
3.1770709825175,-0.0748650056273822,-0.022766945164461,-0.744567865299141,70.8469373461932,-99.0386833901015,0.00870399776084318,0.193
3.20339474928961,-0.0731413742808755,-0.0238501420837717,-0.768193559000139,73.1155936375486,-101.2809773834,0.0018453608639761,0.193
3.23844575538354,-0.0706719729810519,-0.0229117801070224,-0.791638692859617,75.3545009789328,-103.59709384772,-0.00540463860552211,0.193
3.26630427099027,-0.0632286667420602,0.00463718285284023,-0.797328625199754,77.5821032409506,-105.970370818118,-0.0101972295865634,0.188785674133425
3.26453800080891,-0.058637619230721,0.0289319515917588,-0.777111276188733,79.8418101211776,-108.332461039804,-0.00716683390212904,0.185371957534165
3.23401650321635,-0.0609679135847186,0.0286178324039266,-0.748401783519284,82.1506227272633,-110.621599259964,0.0013772070147693,0.186171754113129
3.20478250506224,-0.0714233214173135,-0.0124384674954656,-0.744838620271902,84.4737274997298,-112.848055959192,0.00676536512667233,0.193
3.20858288014404,-0.0727238560270818,-0.021658245421831,-0.763118843671914,86.7614630242581,-115.092582589584,0.00302462258954969,0.193
3.23375084875389,-0.0710839264445592,-0.0227020888720149,-0.785594453766163,89.0131496235886,-117.395528727734,-0.00358816771735778,0.193
3.25808024696156,-0.0637195378522976,0.00499187953887902,-0.790997300657877,91.2502875195628,-119.750531594619,-0.00825054796374753,0.188723320378545
3.25517959566426,-0.0594068732316799,0.0280587354950196,-0.771234998537269,93.517778113591,-122.09272975732,-0.00522952980709298,0.185568398805247
3.2253911195909,-0.0619243449563945,0.0264694216782912,-0.744194122122007,95.8310775678107,-124.364325825687,0.00291923700969545,0.18655645319434
3.19808244810729,-0.0719260352153732,-0.0130695960852205,-0.741838169508402,98.155798008828,-126.578029088164,0.00777120249784266,0.193
3.20328103002835,-0.0730774578313531,-0.0219375093692492,-0.760533927721176,100.445096138981,-128.81247320283,0.00383978108406159,0.193
3.22930413887332,-0.0713774800057766,-0.0228839347331327,-0.783231285343518,102.698760553142,-131.106713186531,-0.00284028986781158,0.193
3.25454998258794,-0.0641913975375845,0.00371117474121008,-0.789526994597039,104.937463158119,-133.454649946628,-0.00764639085834081,0.188922781580045
3.25325122578519,-0.0597531078209642,0.0268588007119917,-0.77101229375926,107.204670745864,-135.793293118901,-0.00500049091702527,0.185756236330513
3.22501085340007,-0.0619892660185186,0.0261626352289018,-0.744597739047816,109.516685949593,-138.06463545885,0.00284710046466527,0.186579516901946
3.19854337106356,-0.0718961633401976,-0.0131170285278276,-0.742388745911946,111.840369203845,-140.27956601314,0.00761268899731677,0.193
3.2040691949155,-0.0730214136481323,-0.0219204982537593,-0.761092370100433,114.128926143108,-142.515704895129,0.00366926400919776,0.193
3.23016610679406,-0.0713174730996439,-0.0228534968613188,-0.783763974162087,116.38197769393,-144.811719317831,-0.00300740103164208,0.193
3.25492910073096,-0.0638698228969313,0.00515346504784979,-0.789124276833815,118.620940653709,-147.160403776534,-0.00768050492466559,0.18869048925649
3.25207086386724,-0.0595991838047596,0.0280285677358983,-0.769326103560619,120.89055482938,-149.496206766876,-0.00463321702696539,0.185586878626144
3.22239920202001,-0.0622007817136749,0.0259905398575931,-0.742596187234055,123.205507203482,-151.761727165504,0.00346023828313937,0.186647424630437
3.19548323278371,-0.0721093846021936,-0.0132376368993838,-0.740524437945599,125.531172738558,-153.97038180512,0.00819076268225782,0.193
1,0,0,0,0,14.2857142857143,0,0.193
1.18685112002197,-0.540688970400371,-0.326358708402939,-0.229204887691844,0.970884969554046,13.9071260077026,0.041460768407967,0.193
2.04931582158341,-0.384116834807443,-0.338675199061055,-0.48036122669148,2.28621195032319,12.8007151294987,0.0146241271795668,0.193
2.68561294801869,-0.138499108677672,-0.209104598332525,-0.809196254416902,3.99602684025119,11.1606382261991,0.00488165906398494,0.193
3.17429909585019,-0.073242317972856,-0.0597821137889754,-0.928448822185542,5.79589291206047,8.81555093295886,-0.0381654855001656,0.193
3.39859877838864,-0.0562705786440151,-0.0231950877753941,-0.965426826293908,7.6657702630368,6.09215638608657,-0.0597462037127174,0.193
3.48856870227839,-0.0514301337486094,-0.0155205617054976,-0.983821768685486,9.55688379352603,3.20592676829517,-0.0696581261111511,0.193
3.52834239045864,-0.0493495839326697,-0.0137735465247361,-0.998284884212671,11.437555778992,0.241007675026911,-0.075897297546163,0.193
3.55108418410902,-0.0479187190632701,-0.0131367833444802,-1.01170665006041,13.294353575533,-2.77387275644857,-0.0810657844454084,0.193
3.56797491929065,-0.046670133818707,-0.012704539430623,-1.0246206438323,15.1226197739127,-5.82866544359609,-0.0858568542137514,0.193
3.58255817072079,-0.0454976430918105,-0.01231999637751,-1.03713061172706,16.9209679593894,-8.91919189990231,-0.0904524789580665,0.193
3.59594322769321,-0.044374898163061,-0.0119580158472559,-1.0492680048791,18.6891080115242,-12.0431060053314,-0.0949041837306021,0.193
3.60849417482635,-0.0432936684949223,-0.0116142824679003,-1.06105270797229,20.4271075215783,-15.1986667762776,-0.0992292882624384,0.193
3.62035035230809,-0.042250096115492,-0.0112872209578672,-1.07250212571867,22.1351578406847,-18.3843692805518,-0.103435652961748,0.193
3.63158231272766,-0.0412415482927158,-0.010975528179001,-1.08363227202965,23.8135016416249,-21.5988318609195,-0.107528314559931,0.193
3.64223794522329,-0.0402658593776082,-0.0106779780955541,-1.09445789510463,25.4624097497108,-24.8407591993038,-0.111511346120888,0.193
3.65235617215148,-0.0393211269027854,-0.0103934489718702,-1.10499256723514,27.082172700224,-28.1089279117566,-0.115388403335768,0.193
3.66197117515538,-0.0384056422316351,-0.0101209344135599,-1.11524879668591,28.6730967510173,-31.4021790528755,-0.119162896322797,0.193
3.67111385440326,-0.0375178568921875,-0.00985953694726484,-1.12523814068194,30.2355013466747,-34.7194129519221,-0.122838051237243,0.193
3.67981246120125,-0.0366563603064743,-0.0096084559996059,-1.13497130848105,31.7697171524505,-38.0595850162971,-0.12641693810194,0.193
3.6880929649495,-0.035819862483528,-0.0093669755785276,-1.14445825204065,33.2760843874773,-41.4217020716954,-0.129902487426006,0.193
3.69597931900516,-0.0350071796917209,-0.00913445324298848,-1.15370824495596,34.7549513630257,-44.8048190822781,-0.133297502452405,0.193
3.70349367624484,-0.0342172223089795,-0.0089103106118281,-1.16272995114042,36.2066731839478,-48.2080361777323,-0.136604669217241,0.193
3.71065657212813,-0.0334489844077059,-0.00869402527940814,-1.17153148473455,37.6316105884601,-51.6304959422626,-0.139826565201265,0.193
3.71748708312802,-0.0327015347687233,-0.00848512393091232,-1.18012046254777,39.0301289081573,-55.0713809322011,-0.142965666916888,0.193
3.72400296509013,-0.0319740090897499,-0.00828317646158055,-1.18850405013258,40.4025971336769,-58.5299113952361,-0.146024356626079,0.193
3.73022077474492,-0.031265603200519,-0.00808779093373034,-1.1966890024094,41.7493870737782,-62.0053431685567,-0.149004928325351,0.193
3.7302221253438,-0.0246007439051786,0.0246824253967668,-1.18272206588377,43.1035895643385,-65.482470193235,-0.148604717388261,0.181
3.71686348187579,-0.0256168407439331,0.0288635752511363,-1.15549423440536,44.5355569961212,-68.9205270434357,-0.140426259289261,0.181
3.69614070843918,-0.0274726990109937,0.0310527299249769,-1.12551906735652,46.0570339791259,-72.3008092622704,-0.1301163665081,0.181
3.67072943985242,-0.0295316500696824,0.033261593023791,-1.09337304911603,47.6706540129137,-75.61233815594,-0.118853620191727,0.181
3.64106122920838,-0.0317627836430663,0.0356187434975072,-1.05894593229589,49.3785714186672,-78.8451244154352,-0.106740819761917,0.181
3.60681250103599,-0.0341799654792429,0.0381359166970306,-1.02208221071199,51.1824014490377,-81.9886420671378,-0.0937781334932426,0.181
3.56738259793566,-0.0368034095576226,0.0408196478971992,-0.98261857686203,53.0828635637341,-85.0314171702547,-0.0799619091894418,0.181
3.52201889268701,-0.0396576521439332,0.0436760464350988,-0.940385341132262,55.0794543632814,-87.960914793894,-0.0653034776864408,0.181
3.46984005161558,-0.0427725575532955,0.0467095597423761,-0.895207408643829,57.1700998473803,-90.763537180539,-0.049838383178229,0.181
3.40983039277731,-0.046185131223893,0.0499211814868966,-0.846906785458137,59.350759825892,-93.4246998170613,-0.0336351860607309,0.181
3.34082586451839,-0.049942240944248,0.053305674189671,-0.795307304439777,61.61497468973,-95.9289968594201,-0.0168057524964585,0.181
3.26149850079127,-0.0541047244308949,0.0568467913204171,-0.740243020070254,63.953353991129,-98.2604860468313,0.000482307979148182,0.181
3.17034418713523,-0.0587537283127647,0.0605086640122083,-0.681573091319306,66.3530156237446,-100.403137536286,0.0179907100212549,0.181
3.06568171017875,-0.0640007510972874,0.0642196909781655,-0.619208600760922,68.7969990160802,-102.341507734327,0.0353929236006367,0.181
2.94568013689671,-0.0700040171205698,0.0678412025704816,-0.553162180259824,71.2637016181478,-104.061721758773,0.0522542004335008,0.181
2.83024929044133,-0.0877681609088363,0.0144696949979582,-0.517719981083066,73.7101679809713,-105.591954110349,0.0641363807873638,0.189348833934428
2.7768666126605,-0.100328167064291,-0.0313809371144053,-0.530244085124863,76.0896495018006,-107.064664663475,0.0634739677391702,0.193
2.79993362943025,-0.101063794844893,-0.0437518207164408,-0.569531008322768,78.4108058193618,-108.603155720169,0.0547865682607646,0.193
2.86797909786852,-0.0963472190996877,-0.0427810022815292,-0.613405581837475,80.7058591902086,-110.264510826536,0.044358878513552,0.193
2.94917037697288,-0.0903486298965954,-0.0379575974616747,-0.653869803932553,82.9933899835329,-112.062801782487,0.0342467886161118,0.193
3.02626404673936,-0.0848387848997458,-0.0331851501461918,-0.689369322653307,85.2772905192979,-113.991874556936,0.0248379432921518,0.193
3.09362875928778,-0.0802046562105937,-0.0294355333196166,-0.72059128242407,87.5542086610271,-116.038899123568,0.0160925502568152,0.193
3.15125957011731,-0.0763331917674278,-0.0266226958803925,-0.74855396189711,89.8188988322904,-118.190890703756,0.00788890137523694,0.193
3.20086179718372,-0.0730302247986531,-0.0244711902870989,-0.774056249865424,92.0665689160853,-120.43681569106,0.000122156754388226,0.193
3.24419774062339,-0.0701406883274345,-0.0227618827960937,-0.797642832940562,94.2934767312583,-122.767742793427,-0.00728135010356935,0.193
3.27640742542661,-0.0637698445717182,-0.00120183924695143,-0.80698742734195,96.5088305983143,-125.163046557067,-0.012596492760877,0.189758419979692
3.28126724123401,-0.0582988998166875,0.0252487885475266,-0.791269147979221,98.7490917720682,-127.561911241029,-0.0111022457145774,0.185841879512513
3.25534256863588,-0.0590198674750256,0.0314947899227333,-0.762046963762699,101.039485257911,-129.89681912882,-0.00311600813637462,0.185478198952494
3.21864260785851,-0.0654858464742468,0.0121126101898695,-0.742677321767647,103.362950187855,-132.150703678708,0.0048706266038501,0.189158027191677
3.20027874403309,-0.0723861619826962,-0.0163323450196448,-0.747968655825616,105.677413340802,-134.371446121665,0.00656044969940288,0.193
3.21218932907827,-0.0725214440070039,-0.0223251949988653,-0.768164581732143,107.955192251047,-136.626109687244,0.00161807412662746,0.193
3.24068167365666,-0.070583622967685,-0.0225997760397412,-0.790829921910658,110.199096054647,-138.944383084512,-0.00520587155686771,0.193
3.26625577237716,-0.0634029232893985,0.00402451950830656,-0.796799768717221,112.428989100414,-141.316656784159,-0.0099666457716021,0.188892353105679
3.26443720898153,-0.0588294647973902,0.0280690184719417,-0.777369459356876,114.688784055147,-143.678400326447,-0.00713640112881228,0.18551408441194
1,0,0,0,0,-14.2857142857143,0,0.193
1.18685112002197,-0.540688970400371,-0.326358708402939,-0.229204887691844,0.970884969554046,-14.6643025637259,0.041460768407967,0.193
2.04931582158341,-0.384116834807443,-0.338675199061055,-0.48036122669148,2.28621195032319,-15.7707134419299,0.0146241271795668,0.193
2.68561294801869,-0.138499108677672,-0.209104598332525,-0.809196254416902,3.99602684025119,-17.4107903452295,0.00488165906398494,0.193
3.17429909585019,-0.073242317972856,-0.0597821137889754,-0.928448822185542,5.79589291206047,-19.7558776384697,-0.0381654855001656,0.193
3.39859877838864,-0.0562705786440151,-0.0231950877753941,-0.965426826293908,7.6657702630368,-22.479272185342,-0.0597462037127174,0.193
3.48856870227839,-0.0514301337486094,-0.0155205617054976,-0.983821768685486,9.55688379352603,-25.3655018031334,-0.0696581261111511,0.193
3.52834239045864,-0.0493495839326697,-0.0137735465247361,-0.998284884212671,11.437555778992,-28.3304208964016,-0.075897297546163,0.193
3.55108418410902,-0.0479187190632701,-0.0131367833444802,-1.01170665006041,13.294353575533,-31.3453013278771,-0.0810657844454084,0.193
3.56797491929065,-0.046670133818707,-0.012704539430623,-1.0246206438323,15.1226197739127,-34.4000940150246,-0.0858568542137514,0.193
3.58255817072079,-0.0454976430918105,-0.01231999637751,-1.03713061172706,16.9209679593894,-37.4906204713309,-0.0904524789580665,0.193
3.59594322769321,-0.044374898163061,-0.0119580158472559,-1.0492680048791,18.6891080115242,-40.61453457676,-0.0949041837306021,0.193
3.60305384901909,-0.0389245399996819,0.0119060223469176,-1.04575758186672,20.4471228352101,-43.7571797215589,-0.0969241224779083,0.187150162089945
3.59118631868778,-0.0351380655876947,0.0367611300883438,-1.017366618609,22.2580888808342,-46.8675431762381,-0.0909578186338585,0.181
3.55929329652326,-0.0371708671299701,0.0410893010418641,-0.978111881455525,24.1657565005069,-49.8927404678601,-0.0782270770364525,0.181
3.51562829744759,-0.0399982043408123,0.0440267567138309,-0.935548796538325,26.17169038013,-52.8073710848306,-0.0636087716143137,0.181
3.46331890065518,-0.0431374316003796,0.0470667228222089,-0.890017193444659,28.27217857493,-55.5946451848721,-0.0480750133669087,0.181
3.40256628934061,-0.0465843533665718,0.050291401484028,-0.841353376994146,30.462356568282,-58.2390780305446,-0.031797839662435,0.181
3.33254108777199,-0.0503827451840015,0.053692122549058,-0.789375615584238,32.7352824420582,-60.7249751970754,-0.0149079904928205,0.181
3.25841713250715,-0.0581151056043596,0.038406311737889,-0.745875150588842,35.0706982058812,-63.0497431507438,0.000745346710821577,0.184857247846928
3.20585091916758,-0.0713046092623387,-0.0105210308419325,-0.737411638793623,37.4154248834232,-65.2698457527893,0.00872368528475505,0.193
3.19981193235717,-0.0733982282568704,-0.0216168301944852,-0.754925220656898,39.717300956067,-67.4931851540009,0.00549756700025766,0.193
3.22188285593601,-0.0719384046725609,-0.0230896831218782,-0.777629722582278,41.9793621962963,-69.7709506390273,-0.00109929713579978,0.193
3.25434500961658,-0.069619253175092,-0.022314820925995,-0.800404826678741,44.2099824107793,-72.1186630423701,-0.00819645322018096,0.193
3.28059960973926,-0.0623668952415913,0.00468969800351214,-0.805817728013227,46.4282137469513,-74.5211340695477,-0.0128967783703944,0.188804366928764
3.27797820271329,-0.0576544587019953,0.0297960254757122,-0.78500078591859,48.6787049389136,-76.9110418244976,-0.00975915940913152,0.185169165752196
3.24615374670731,-0.0598126298370566,0.0307623086583731,-0.754628900463884,50.9810710544652,-79.2248273860992,-0.00079936122350379,0.185765408849655
3.21488991753778,-0.0707075965896364,-0.0117427645286305,-0.749831289946887,53.3006540258177,-81.4709165132338,0.00514456909525047,0.193
3.21717756496552,-0.0721523743756828,-0.021273314877298,-0.767606690265271,55.5849740481181,-83.7321410078585,0.00161668693729794,0.193
3.24128633661989,-0.0705824954264463,-0.0224103467786424,-0.789750822565457,57.8328034060312,-86.0500445845166,-0.00490519531214275,0.193
3.26406935294697,-0.0628271265964381,0.00759386872157855,-0.793363026337686,60.0672082600779,-88.4171256435257,-0.00928733434737111,0.18830850618919
3.25804812979955,-0.0587742926919779,0.0304501362866253,-0.771099750199718,62.3358527157854,-90.7644398170418,-0.00550688024660865,0.18519118254859
3.22521829301379,-0.0618731398333289,0.0269675557268853,-0.742883136470465,64.6522206697032,-93.0346567992564,0.00323056801923199,0.186532272152626
3.19632822795944,-0.0720428065307414,-0.0130197390544024,-0.740304071587743,66.9793387988046,-95.2442814126432,0.00822454610002101,0.193
3.20096178024404,-0.0732389283873928,-0.0220024714825032,-0.759020479852138,69.2704264138215,-97.4738911612573,0.00430345064819029,0.193
3.22691333709921,-0.0715419970811653,-0.022970609791111,-0.781797490480282,71.5256496753962,-99.7632640508275,-0.00239047395968492,0.193
3.25328165449612,-0.0649321017844151,0.000501229584717752,-0.790173905220503,73.7640198044885,-102.10868643658,-0.0074936579661938,0.189434328362719
3.2554757628842,-0.0601260776718094,0.0242222856247291,-0.774541365674729,76.0261037998148,-104.45282985189,-0.00574415939887689,0.186135707262219
3.23045166003349,-0.0615508776366103,0.0264895267865588,-0.748873649864347,78.3316930820424,-106.736405277227,0.00154096998234759,0.186437627939563
3.20503391214621,-0.0714436287557066,-0.012870102080507,-0.746393589754716,80.6509902409595,-108.964722083776,0.00636862466577642,0.193
3.21057814621158,-0.0725793609364143,-0.021673660324761,-0.76485003769842,82.935930619586,-111.213889448534,0.00250411097080311,0.193
3.23629547918423,-0.0709030078744337,-0.0226227821762122,-0.78728137125837,85.185444185448,-113.522213755666,-0.00411675188890564,0.193
3.25903089775179,-0.0626026218502724,0.0100996008363148,-0.789361359790343,87.4236487713543,-115.879117167271,-0.00830891779893424,0.187887065165117
3.25064870293313,-0.0588856248920123,0.0321826997907722,-0.765074450743857,89.699844784293,-118.210546725721,-0.00386634818581671,0.184961733043217
3.2157954801097,-0.0626926084807353,0.0258571631588903,-0.736922504684454,92.0236333391967,-120.460853807169,0.00514370314193293,0.186797194752423
3.18689323167104,-0.0727029992053444,-0.0135076100020011,-0.73505942873247,94.3554139181861,-122.651691072299,0.00986603197014676,0.193
3.19214522402077,-0.0738319703801727,-0.0223672793026851,-0.754188726220291,96.6505280046282,-124.864015733263,0.00579525978348842,0.193
3.21885745024342,-0.072082583313052,-0.0232830904936107,-0.777302957423506,98.9099127188271,-127.137416750535,-0.000981141215123913,0.193
3.25308650362239,-0.0696760905156986,-0.0223688996058516,-0.800186125737189,101.139670691706,-129.483195267633,-0.00812143809532111,0.193
3.27426008786262,-0.0591707101893062,0.0219802347371879,-0.794333794741434,103.368414519902,-131.872426122308,-0.0112340918535077,0.185848095016918
3.25348324277599,-0.0565876025188908,0.0430751082935691,-0.758710628812949,105.655195124869,-134.206702719039,-0.00332471942353994,0.183169954280441
3.20523171758282,-0.063118146893092,0.027649402109606,-0.725500534429833,107.997722592641,-136.431152707502,0.0082654235516941,0.186792640471855
3.16948002317379,-0.0738449345021756,-0.0136114118885034,-0.722986503131815,110.343950296681,-138.585157946882,0.0134555725261909,0.193
3.17269280370549,-0.0751552871575009,-0.0230095030299165,-0.742549738864862,112.650459186582,-140.758434393069,0.00932627105992689,0.193
3.19979679951492,-0.0733773880247923,-0.0240052763503023,-0.766366606260735,114.920343460521,-142.993859747545,0.0024121243624004,0.193
3.23534812181035,-0.0708772754334739,-0.023031069071138,-0.789946933076184,117.160787163978,-145.303858094633,-0.00486882505412335,0.193
3.26373637787433,-0.0635193549284236,0.00396650195001353,-0.79611494337008,119.389744593389,-147.671941675551,-0.00973883060553039,0.188889790843204
3.26283828593873,-0.0588710630152952,0.0282521218022234,-0.776585708943853,121.649801347396,-150.030728672215,-0.0069111169860127,0.185483903510433
3.23319650351039,-0.0610653434841381,0.0283262174333283,-0.748304107822158,123.958258897864,-152.318473702871,0.00144987638691932,0.186208673242016
3.20452417260013,-0.071443938947502,-0.0125034374542962,-0.744892068245114,126.280962500042,-154.544614426338,0.00675940150969445,0.193
3.20858434028505,-0.0727218664641609,-0.021669293387493,-0.763204168785272,128.568447690517,-156.789240332288,0.00300014991679957,0.193
