1,0,0,0,0,0,2,0.193
1.18685112002197,-0.540688970400371,-0.326358708402939,-0.229204887691844,0.970884969554046,-0.37858827801166,2.04146076840797,0.193
2.04931582158341,-0.384116834807443,-0.338675199061055,-0.48036122669148,2.28621195032319,-1.48499915621557,2.05608489558753,0.193
2.68561294801869,-0.138499108677672,-0.209104598332525,-0.809196254416902,3.99602684025119,-3.12507605951521,2.06096655465152,0.193
3.17429909585019,-0.073242317972856,-0.0597821137889754,-0.928448822185542,5.79589291206047,-5.47016335275542,2.02280106915135,0.193
3.39859877838864,-0.0562705786440151,-0.0231950877753941,-0.965426826293908,7.6657702630368,-8.19355789962771,1.96305486543864,0.193
3.48856870227839,-0.0514301337486094,-0.0155205617054976,-0.983821768685486,9.55688379352603,-11.0797875174191,1.89339673932748,0.193
3.52834239045864,-0.0493495839326697,-0.0137735465247361,-0.998284884212671,11.437555778992,-14.0447066106874,1.81749944178132,0.193
3.55108418410902,-0.0479187190632701,-0.0131367833444802,-1.01170665006041,13.294353575533,-17.0595870421629,1.73643365733591,0.193
3.56797491929065,-0.046670133818707,-0.012704539430623,-1.0246206438323,15.1226197739127,-20.1143797293104,1.65057680312216,0.193
3.58255817072079,-0.0454976430918105,-0.01231999637751,-1.03713061172706,16.9209679593894,-23.2049061856166,1.5601243241641,0.193
3.59594322769321,-0.044374898163061,-0.0119580158472559,-1.0492680048791,18.6891080115242,-26.3288202910457,1.46522014043349,0.193
3.60849417482635,-0.0432936684949223,-0.0116142824679003,-1.06105270797229,20.4271075215783,-29.4843810619918,1.36599085217105,0.193
3.62035035230809,-0.042250096115492,-0.0112872209578672,-1.07250212571867,22.1351578406847,-32.6700835662661,1.26255519920931,0.193
3.63158231272766,-0.0412415482927158,-0.010975528179001,-1.08363227202965,23.8135016416249,-35.8845461466338,1.15502688464938,0.193
3.64223794522329,-0.0402658593776082,-0.0106779780955541,-1.09445789510463,25.4624097497108,-39.1264734850181,1.04351553852849,0.193
3.65235617215148,-0.0393211269027854,-0.0103934489718702,-1.10499256723514,27.082172700224,-42.3946421974709,0.928127135192719,0.193
3.66197117515538,-0.0384056422316351,-0.0101209344135599,-1.11524879668591,28.6730967510173,-45.6878933385898,0.808964238869923,0.193
3.67111385440326,-0.0375178568921875,-0.00985953694726484,-1.12523814068194,30.2355013466747,-49.0051272376364,0.686126187632679,0.193
3.67428182551097,-0.0316873276735926,0.0172850120313508,-1.11722735068152,31.7946378888744,-52.3319333803964,0.562389315593455,0.184992967931725
3.66176449857312,-0.0301039380415155,0.0325467038530585,-1.0898865589868,33.4163555918379,-55.6235044977808,0.445499576583997,0.181
3.63617332164788,-0.0320182731848532,0.0358273281890773,-1.05551993945126,35.1318237711466,-58.8449540656108,0.340080879387506,0.181
3.60275180980798,-0.0344269872707036,0.0383968042743385,-1.01841065879733,36.9443690765512,-61.9784467996822,0.247614559380828,0.181
3.56314765332914,-0.0370684238114344,0.0410912460628222,-0.978680868020579,38.8539522819234,-65.0106569345636,0.169030674315187,0.181
3.51726914834497,-0.0399457927768155,0.0439616476048689,-0.936169313320732,40.8596612899868,-67.9284911909729,0.105181906930972,0.181
3.46441122813855,-0.0430874576169402,0.0470113729319284,-0.890697772411062,42.9591650467169,-70.7181316412159,0.0568723383850738,0.181
3.4035969300487,-0.0465309227103458,0.0502396912706015,-0.842086974864506,45.1481854480673,-73.3648736636809,0.0248318249070455,0.181
3.33366163577933,-0.0503241214411908,0.0536401022658997,-0.790160904473743,47.4199962860993,-75.8532365259197,0.00967318321256918,0.181
3.2552874046929,-0.0556114670269532,0.0513853606093804,-0.738488361663537,49.7616254845354,-78.1714709249228,0.0113108191728824,0.182219075941684
3.19087474574136,-0.0717901874899813,-0.00800480204578484,-0.723463506978113,52.1254198722814,-80.3577819252354,0.0237346562932268,0.193
3.17796614913796,-0.0748296209333668,-0.0217737883310346,-0.740091219165708,54.4447206053956,-82.5354049722018,0.0336520943235675,0.193
3.19828281374489,-0.0735521010090709,-0.0238675730751991,-0.763345765268517,56.721923293078,-84.7652891061209,0.0369643930870013,0.193
3.23151045921208,-0.0711765522928065,-0.0231478298758011,-0.786947727110852,58.967107587412,-87.066630732465,0.0330333798462952,0.193
3.26742563282779,-0.0686650461006749,-0.0219031218167094,-0.809482177306198,61.1847858440464,-89.4426460166558,0.0219497879173494,0.193
3.28874015667927,-0.0583667830733076,0.0215575696789344,-0.803702021030668,63.4018901312053,-91.8622309113135,0.00777614539242811,0.185906603124074
3.26773405068556,-0.0552737808806593,0.0452691979821287,-0.766767626327321,65.6787971364988,-94.2262631531737,0.00167737883276084,0.182637403492789
3.21842202718521,-0.0624123225850833,0.0274069643907584,-0.73292842496217,68.0151044271196,-96.4769278332151,0.00767236157332028,0.186873230030514
3.18254151005312,-0.0730354653266602,-0.0133681961058039,-0.730393939319049,70.3554815844599,-98.6565329971473,0.0189264011118922,0.193
3.1853665233673,-0.0743184321413227,-0.0225738503212853,-0.749596198744962,72.6562929579794,-100.854542986787,0.0261224979834563,0.193
3.21163739726953,-0.072583618203351,-0.0235547968684158,-0.772961253920802,74.920337239694,-103.113280868684,0.0264939459707185,0.193
3.24617364611698,-0.070148533444487,-0.0226260608699059,-0.796111754691284,77.1545726195124,-105.444988021339,0.0196709218721732,0.193
3.27242542373475,-0.0621721949162201,0.00797161854291714,-0.799539494608335,79.379263094222,-107.830737420374,0.0083967971693665,0.188246119069675
3.26601460221632,-0.05748148743835,0.0343003599077024,-0.774606309027878,81.6426400094863,-110.194894414128,0.0013421916750627,0.184450013329027
3.22983726409695,-0.0612361426012163,0.0288991796754779,-0.743785851164899,83.9595631412782,-112.473563151271,0.00401999930052354,0.186277103984412
3.19806286924538,-0.0718870834339347,-0.0125715669768854,-0.740191667356606,86.2885704457499,-114.685630465934,0.0122057985871475,0.193
3.20122186669543,-0.0732281847311392,-0.021913213886413,-0.758679861033193,88.5809330828243,-116.915213548829,0.0166003673796791,0.193
3.22658936809539,-0.071571239704984,-0.0229685730455559,-0.781421430130966,90.8369255286446,-119.203714562887,0.0143247676030393,0.193
3.2598820722712,-0.0692222491790247,-0.022116715782814,-0.804024236376917,93.0627722120444,-121.563152249573,0.00497339737297684,0.193
3.27935422659494,-0.0582018411084981,0.0252090647190509,-0.795911688854685,95.2893277458965,-123.962774555746,-0.00714127668947693,0.185267015025204
3.25436208545308,-0.0557011497444168,0.0473072674974972,-0.756384203874475,97.5797147860193,-126.297901491041,-0.0102730693514995,0.18239806265926
3.20245180074722,-0.0639915822083749,0.0245320215403117,-0.723551451148084,99.927158524044,-128.515172828629,-0.0011610013209438,0.187473898105647
3.16766623235384,-0.0741143000863511,-0.0144063022927827,-0.722749906688428,102.27312155658,-130.665838367815,0.012509823213526,0.193
3.17215596355822,-0.0752074842913912,-0.0231938529597317,-0.742735581297929,104.578646758103,-132.838523383908,0.0218086361936493,0.193
3.199902549298,-0.0733667484295526,-0.024034888041253,-0.766641993719525,106.847852816705,-135.074395448808,0.0241420157527759,0.193
3.23569361008205,-0.0708505203556062,-0.0230239896396797,-0.790229111158478,109.087836261924,-137.385184646066,0.0191856131100728,0.193
3.26501715381912,-0.0639978617665495,0.00126939047975724,-0.79811552255854,111.314821079224,-139.755993337801,0.00911794189959771,0.189329703003844
3.26601336628322,-0.0584879115762704,0.0290204618628676,-0.779053959075535,113.570635721792,-142.122085211701,0.00139853570634153,0.185258093303444
3.23613156331958,-0.060514731312457,0.0301081900709657,-0.749362059358641,115.877552254889,-144.415956799349,0.0023116818878219,0.185896023488642
3.2059340795606,-0.0712898994949007,-0.012075534480408,-0.744999655808108,118.20101602753,-146.644429793552,0.00896103637849084,0.193
3.20899187464188,-0.072693203838668,-0.0215739998346354,-0.763087734879893,120.489247054013,-148.889507803261,0.0119817475526078,0.193
3.23381696949302,-0.0710824196595127,-0.0226861903741976,-0.785521107150918,122.741228097242,-151.192462567399,0.00841358708901893,0.193
1,0,0,0,0,7.14285714285714,2.5,0.193
1.18685112002197,-0.540688970400371,-0.326358708402939,-0.229204887691844,0.970884969554046,6.76426886484548,2.54146076840797,0.193
2.04931582158341,-0.384116834807443,-0.338675199061055,-0.48036122669148,2.28621195032319,5.65785798664158,2.55608489558753,0.193
2.68561294801869,-0.138499108677672,-0.209104598332525,-0.809196254416902,3.99602684025119,4.01778108334193,2.56096655465152,0.193
3.17429909585019,-0.073242317972856,-0.0597821137889754,-0.928448822185542,5.79589291206047,1.67269379010172,2.52280106915135,0.193
3.39859877838864,-0.0562705786440151,-0.0231950877753941,-0.965426826293908,7.6657702630368,-1.05070075677057,2.46305486543864,0.193
3.48856870227839,-0.0514301337486094,-0.0155205617054976,-0.983821768685486,9.55688379352603,-3.93693037456196,2.39339673932748,0.193
3.52834239045864,-0.0493495839326697,-0.0137735465247361,-0.998284884212671,11.437555778992,-6.90184946783022,2.31749944178132,0.193
3.55108418410902,-0.0479187190632701,-0.0131367833444802,-1.01170665006041,13.294353575533,-9.91672989930571,2.23643365733591,0.193
3.56797491929065,-0.046670133818707,-0.012704539430623,-1.0246206438323,15.1226197739127,-12.9715225864532,2.15057680312216,0.193
3.58255817072079,-0.0454976430918105,-0.01231999637751,-1.03713061172706,16.9209679593894,-16.0620490427594,2.06012432416409,0.193
3.59594322769321,-0.044374898163061,-0.0119580158472559,-1.0492680048791,18.6891080115242,-19.1859631481885,1.96522014043349,0.193
3.60849417482635,-0.0432936684949223,-0.0116142824679003,-1.06105270797229,20.4271075215783,-22.3415239191347,1.86599085217105,0.193
3.62035035230809,-0.042250096115492,-0.0112872209578672,-1.07250212571867,22.1351578406847,-25.5272264234089,1.76255519920931,0.193
3.63158231272766,-0.0412415482927158,-0.010975528179001,-1.08363227202965,23.8135016416249,-28.7416890037767,1.65502688464938,0.193
3.64223794522329,-0.0402658593776082,-0.0106779780955541,-1.09445789510463,25.4624097497108,-31.983616342161,1.54351553852849,0.193
3.65235617215148,-0.0393211269027854,-0.0103934489718702,-1.10499256723514,27.082172700224,-35.2517850546137,1.42812713519272,0.193
3.66197117515538,-0.0384056422316351,-0.0101209344135599,-1.11524879668591,28.6730967510173,-38.5450361957327,1.30896423886992,0.193
3.67111385440326,-0.0375178568921875,-0.00985953694726484,-1.12523814068194,30.2355013466747,-41.8622700947793,1.18612618763268,0.193
3.67981246120125,-0.0366563603064743,-0.0096084559996059,-1.13497130848105,31.7697171524505,-45.2024421591542,1.05970924953074,0.193
3.6880929649495,-0.035819862483528,-0.0093669755785276,-1.14445825204065,33.2760843874773,-48.5645592145525,0.929806762104733,0.193
3.69597931900516,-0.0350071796917209,-0.00913445324298848,-1.15370824495596,34.7549513630257,-51.9476762251353,0.796509259652328,0.193
3.70349367624484,-0.0342172223089795,-0.0089103106118281,-1.16272995114042,36.2066731839478,-55.3508933205894,0.659904590435087,0.193
3.70365342041267,-0.0269203785269164,0.0268703986447843,-1.14759135805748,37.6664283239294,-58.7563371475739,0.523706382344887,0.181
3.68786957703784,-0.0280220648581407,0.0314480768493412,-1.11792996423182,39.2084379952651,-62.1161012792282,0.396463570122578,0.181
3.66325344685746,-0.0300614549961912,0.0338228267501154,-1.08527552830491,40.8439925349276,-65.4082675076533,0.280500751909201,0.181
3.63302827302807,-0.0323304256976849,0.0362170568237553,-1.0502676457491,42.5747636486029,-68.6201388792203,0.176823733856781,0.181
3.59772805824865,-0.0347946832510309,0.0387708228303158,-1.01278766383171,44.4018661788809,-71.7403042998176,0.0863093315344251,0.181
3.55697599134869,-0.0374713224529051,0.0414946638104015,-0.972669295586768,46.3256486800385,-74.7568600987853,0.00981520068772358,0.181
3.51006104479733,-0.0403855604184088,0.0443932227579058,-0.929740084082558,48.3452297895062,-77.656964197022,-0.0518214085261054,0.181
3.4560905063751,-0.0435687015633343,0.0474697773517228,-0.883823478777201,50.4580891850415,-80.4267576365386,-0.0978067916048009,0.181
3.39401978845575,-0.0470598198933578,0.0507239568117437,-0.834741245668766,52.6596428100742,-83.0514348681462,-0.12742544406504,0.181
3.32264814006376,-0.0509087099030669,0.0541483548985948,-0.782318691021943,54.9427706692366,-85.5154279748631,-0.140086011393857,0.181
3.24060631002644,-0.0551804262197951,0.0577229588112892,-0.726394226726773,57.2972908636294,-87.8027247655565,-0.1353803731349,0.181
3.14634688927818,-0.0599623473636287,0.0614051372018444,-0.666836476300417,59.7093892022895,-89.8973651872233,-0.113158318945371,0.181
3.06388823118937,-0.079357051606071,-0.00852538260902685,-0.647840785781717,62.1313579424848,-91.8346087044201,-0.0792275533354789,0.193
3.04507946860959,-0.0836025345658353,-0.0263174848351643,-0.667376544368863,64.4973628903991,-93.7601704110275,-0.0483965264439853,0.193
3.0707196811131,-0.0821413115849619,-0.0292231980629402,-0.695750934129292,66.8181708673327,-95.7491319845306,-0.0251672782038608,0.193
3.1146125291639,-0.0790390444950831,-0.028053663683816,-0.724535086780629,69.1097489118626,-97.8262810831341,-0.0101572519890027,0.193
3.16223532700274,-0.0757278962482753,-0.0260777613464194,-0.751612171726639,71.3789117327583,-99.9956669220346,-0.00317286324934369,0.193
3.20765967629798,-0.072633272761938,-0.0241960191769687,-0.776728863689808,73.6267306614,-102.253562035021,-0.00387819615348011,0.193
3.24918158880477,-0.0698294550392873,-0.0225806763896645,-0.800094709275158,75.8519970452121,-104.594017536028,-0.0119414343571078,0.193
3.27235484615442,-0.0588683460618519,0.0237815250934163,-0.793120356795818,78.0802560860563,-106.980215937328,-0.0229971895890063,0.185528093253192
3.24989308580891,-0.0561755717224348,0.0461380142583593,-0.754857157930625,80.3712026801474,-109.30687418764,-0.0254970055244835,0.182625813369602
3.19973965613343,-0.0641977883146375,0.0241861849106438,-0.722654303117078,82.7183862065795,-111.519320875994,-0.0160654268589894,0.187507095634949
3.16587110399254,-0.0742290136357082,-0.0145180536375431,-0.722050316110613,85.0642725333501,-113.666821209189,-0.00217840730873439,0.193
3.17080509701807,-0.0752933260181407,-0.0232550983783757,-0.742116968473292,87.3700023883062,-115.837035193265,0.00730770365291255,0.193
3.19879016615171,-0.0734390840439482,-0.0240799097071921,-0.766075382630827,89.6395857439823,-118.070786661315,0.00981593578673384,0.193
3.23473195395171,-0.0709141901444005,-0.0230604691655951,-0.789702930620762,91.8800465257983,-120.379677110859,0.00502585904573894,0.193
3.26386466421648,-0.0638819842949763,0.00216245433803487,-0.797034937803636,94.1081060411362,-122.748118566918,-0.00480087680473871,0.189182563888635
3.26398452403664,-0.0584970285921747,0.0296185727425739,-0.777261485372223,96.3663047814458,-125.109766135827,-0.0120422948066677,0.185178397423802
3.23343244272207,-0.0607830303211382,0.029643521220856,-0.747649172082337,98.6755543126956,-127.397837651407,-0.0105598337097782,0.18600496624506
3.20330534896018,-0.0714803914303222,-0.0122437024374314,-0.743565750656012,101.000330254723,-129.621050881606,-0.00345044388180298,0.193
3.20659383609776,-0.0728551119311528,-0.0216788580908364,-0.761783168905836,103.28966461862,-131.861414018821,-2.2458014041321e-05,0.193
3.23165054506638,-0.0712277126225315,-0.0227702883307233,-0.784309782256932,105.542796491529,-134.160055072642,-0.00320810067794635,0.193
3.25722773485561,-0.064537766155194,0.00128781167575792,-0.792105630514165,107.779177863561,-136.51338810327,-0.0113947167796262,0.189319243357705
3.25737458642706,-0.0592761613464653,0.0278388382559895,-0.773826842197554,110.042030866687,-138.861122017096,-0.0173363805286224,0.185499676874802
3.22853976018409,-0.0613772074849881,0.0280947011636322,-0.745833099790066,112.352562746805,-141.139651010612,-0.0150961784664553,0.186251342439833
3.20028867040871,-0.071717086328396,-0.0126465867023646,-0.74258852330733,114.677098434009,-143.357478585513,-0.00762661060530613,0.193
3.20467336756734,-0.07298028644816,-0.0218113614174361,-0.761043055841135,116.96642974909,-145.594407855043,-0.00395846741672233,0.193
3.23026624443379,-0.0713157650715212,-0.0228332718134987,-0.783660146684899,119.219911413986,-147.890439593459,-0.00693697256311661,0.193
1,0,0,0,0,-7.14285714285714,1.5,0.193
1.18685112002197,-0.540688970400371,-0.326358708402939,-0.229204887691844,0.970884969554046,-7.5214454208688,1.54146076840797,0.193
2.04931582158341,-0.384116834807443,-0.338675199061055,-0.48036122669148,2.28621195032319,-8.62785629907271,1.55608489558753,0.193
2.68561294801869,-0.138499108677672,-0.209104598332525,-0.809196254416902,3.99602684025119,-10.2679332023724,1.56096655465152,0.193
3.17429909585019,-0.073242317972856,-0.0597821137889754,-0.928448822185542,5.79589291206047,-12.6130204956126,1.52280106915135,0.193
3.39859877838864,-0.0562705786440151,-0.0231950877753941,-0.965426826293908,7.6657702630368,-15.3364150424849,1.46305486543864,0.193
3.48856870227839,-0.0514301337486094,-0.0155205617054976,-0.983821768685486,9.55688379352603,-18.2226446602763,1.39339673932748,0.193
3.52834239045864,-0.0493495839326697,-0.0137735465247361,-0.998284884212671,11.437555778992,-21.1875637535445,1.31749944178132,0.193
3.55108418410902,-0.0479187190632701,-0.0131367833444802,-1.01170665006041,13.294353575533,-24.20244418502,1.23643365733591,0.193
3.56797491929065,-0.046670133818707,-0.012704539430623,-1.0246206438323,15.1226197739127,-27.2572368721675,1.15057680312216,0.193
3.58255817072079,-0.0454976430918105,-0.01231999637751,-1.03713061172706,16.9209679593894,-30.3477633284737,1.0601243241641,0.193
3.59594322769321,-0.044374898163061,-0.0119580158472559,-1.0492680048791,18.6891080115242,-33.4716774339028,0.965220140433493,0.193
3.60849417482635,-0.0432936684949223,-0.0116142824679003,-1.06105270797229,20.4271075215783,-36.627238204849,0.865990852171055,0.193
3.62035035230809,-0.042250096115492,-0.0112872209578672,-1.07250212571867,22.1351578406847,-39.8129407091232,0.762555199209307,0.193
3.63158231272766,-0.0412415482927158,-0.010975528179001,-1.08363227202965,23.8135016416249,-43.027403289491,0.655026884649376,0.193
3.63972860896378,-0.0380733555649488,0.00109935407210086,-1.08687394265177,25.4726304988973,-46.263304630512,0.544652810786971,0.189925316260057
3.63445158348854,-0.0322096433788594,0.0329334745206202,-1.06451344607624,27.1636476618705,-49.4855605949108,0.437466094687181,0.181
3.60968973956431,-0.0338110534864409,0.0375979421521145,-1.02880649363428,28.9472268678566,-52.6394225272641,0.341546303841475,0.181
3.57377015548633,-0.0363320756282514,0.0403513136848448,-0.989818807965476,30.8294212793674,-55.6992638974058,0.259111016737313,0.181
3.53023329052385,-0.039136405981775,0.0431668207041579,-0.948073992288443,32.8087447737045,-58.649324927463,0.191159389236908,0.181
3.47953087256955,-0.0422014781444811,0.0461628709964894,-0.903424475483651,34.8828745438847,-61.4753105801124,0.13852947746406,0.181
3.42104341267533,-0.0455579811031908,0.0493411154514778,-0.855687478422206,37.0479723676075,-64.1625679460498,0.101978309509037,0.181
3.35373802055793,-0.049250078733504,0.0526951715518877,-0.804683552210466,39.2979888018266,-66.6957571140067,0.0821562181473933,0.181
3.28363132444266,-0.0574110226213443,0.0343981611581994,-0.764061132854941,41.6116411224483,-69.0743714507404,0.077608877019552,0.185528930557522
3.23620561423312,-0.0694929044430221,-0.0107302538655935,-0.75734287783202,43.934163241757,-71.357697306261,0.080352615484724,0.193
3.23204380748043,-0.071251426328325,-0.020716236951019,-0.774388708721336,46.2157856272093,-73.646567971573,0.0798452358945426,0.193
3.25323350702399,-0.0698152620180806,-0.0219826471561726,-0.79605005292025,48.4583867276203,-75.9878727440341,0.0729359788510286,0.193
3.28358965267676,-0.0676328754899177,-0.0212720606293668,-0.817740305863987,50.6691822726073,-78.3955680595695,0.0591529949126409,0.193
3.30424085479521,-0.0586042653299554,0.0159782191393249,-0.815388705085728,52.8737928242082,-80.8470694976065,0.0418706328621162,0.186891362580541
3.28817764912349,-0.0546936475317966,0.0418368744775536,-0.782638388262163,55.1300455561147,-83.2552413165066,0.0312362967725677,0.183069414807696
3.24276093825947,-0.0601003889622781,0.0312953470741471,-0.747641997926698,57.4479554696421,-85.5573442986704,0.032342781968022,0.185998983838613
3.20569208720291,-0.0713823678026293,-0.0119291158535542,-0.742757532303979,59.7780155431898,-87.7827370199036,0.0396694966300379,0.193
3.20634550150571,-0.072908211988826,-0.021652571587991,-0.760837785845238,62.0699922172339,-90.0216090757634,0.0433868199029336,0.193
3.2305255491418,-0.0713197741649031,-0.0228102457991125,-0.783379581858583,64.3246841810608,-92.3176390930675,0.0404931561595281,0.193
3.26318456124671,-0.0690050588923767,-0.0219962174886346,-0.805845415035221,66.5487588126607,-94.6836706982665,0.0305561680075913,0.193
3.28442638524266,-0.0591809410210483,0.0189870005727951,-0.801817316600099,68.7693706016841,-97.0938676606111,0.0172852058751049,0.186368092579828
3.26589508860467,-0.0558317684713537,0.0429843365563699,-0.767286046180179,71.0451118517687,-99.4546331237568,0.0113335109608321,0.183043667595049
3.21922896694577,-0.0623659793350636,0.0272275156373258,-0.734380704664366,73.3784045457976,-101.707851788841,0.0169386929869584,0.186841786955139
3.1845493568159,-0.0728939018980544,-0.0133417744480374,-0.731899490045354,75.716714076363,-103.891880118995,0.0277383770157278,0.193
3.18772727558655,-0.0741549919700178,-0.0224915796780732,-0.751041031127323,78.0160212792393,-106.094683028981,0.0344936775180874,0.193
3.21398026034402,-0.0724236344894442,-0.0234652347320681,-0.774317962638171,80.2787248878131,-108.358111149049,0.0344429617134927,0.193
3.24836328496268,-0.0699999629356802,-0.0225443940492265,-0.79738230937622,82.51161246943,-110.694247713434,0.0272155329197209,0.193
3.27335045583278,-0.0614140171321991,0.0113752008918998,-0.798571887774096,84.7369608969331,-113.081818557328,0.0158599637723476,0.187677043545347
3.26331963137024,-0.0571622088857739,0.0368305403507084,-0.770769188073228,87.0059772438497,-115.439427146863,0.00965850678905167,0.184067323971742
3.22414274121112,-0.0618268998846665,0.0279016766641093,-0.739661370569334,89.3291989665075,-117.705345390065,0.0136697503509467,0.186541231568235
3.19191594126596,-0.0723404171851412,-0.0129607574262779,-0.736686180165801,91.6616865799685,-119.904955043661,0.0229712075414991,0.193
3.19541231578345,-0.0736237131683988,-0.0221694332630314,-0.755482290571698,93.9567860236214,-122.123103841039,0.0283577527807394,0.193
3.22127502262424,-0.0719287520418092,-0.0231779875877259,-0.778454286859675,96.215542370795,-124.401057537668,0.0270139383188815,0.193
3.25506545098011,-0.0695468382455961,-0.0222946218418553,-0.801250121080714,98.444339389055,-126.750745797584,0.0185515514029964,0.193
3.27646913809799,-0.0593182584068956,0.0206296705530286,-0.796262153022892,100.671111264652,-129.144521094558,0.00686131190658517,0.186084145185654
3.25648625095195,-0.0562484289858212,0.0437767377372647,-0.760645508030978,102.955015177309,-131.485352621552,0.00287637890303641,0.182980264842837
3.20892285575368,-0.0633620684245591,0.0254346974513572,-0.728546614792593,105.294876749671,-133.717266541553,0.0104327145682038,0.187205641569393
3.17519577767426,-0.0735660422182266,-0.0139821763225501,-0.727139915788739,107.636574606296,-135.883144370146,0.0227401165304362,0.193
3.17948971488445,-0.0747075039928668,-0.0228730646298723,-0.746763957748814,109.938849603064,-138.07013398512,0.0308100932561076,0.193
3.20667995335484,-0.0729103710001452,-0.0237609238329564,-0.770374085825192,112.204834319189,-140.319300778572,0.0319873478431482,0.193
3.24184437648775,-0.0704367152079011,-0.0227899893893305,-0.793707607302338,114.441374107861,-142.642389936054,0.0259288920265297,0.193
3.26857446811761,-0.0624464573191645,0.0077538585860312,-0.797343216764028,116.668502259515,-145.020284200248,0.0153752641486598,0.188276663859008
3.26258548979913,-0.0577586856032377,0.0339365600998336,-0.772730974115601,118.933945818613,-147.377424144144,0.00895651721288413,0.184526790723673
3.2269036221105,-0.0615098902167059,0.0283901745793262,-0.742358277696104,121.252147785504,-149.650244735712,0.01213321348545,0.186367382121766
3.19568720368234,-0.0720540323667397,-0.0127372574942534,-0.739057635810509,123.581826557095,-151.857769345448,0.0206840048152963,0.193
3.19923320945125,-0.0733598347972811,-0.0220041890399322,-0.757665733900666,125.874878811656,-154.083536081602,0.0253939911037754,0.193
1,0,0,0,0,14.2857142857143,3,0.193
1.18685112002197,-0.540688970400371,-0.326358708402939,-0.229204887691844,0.970884969554046,13.9071260077026,3.04146076840797,0.193
2.04931582158341,-0.384116834807443,-0.338675199061055,-0.48036122669148,2.28621195032319,12.8007151294987,3.05608489558753,0.193
2.68561294801869,-0.138499108677672,-0.209104598332525,-0.809196254416902,3.99602684025119,11.1606382261991,3.06096655465152,0.193
3.17429909585019,-0.073242317972856,-0.0597821137889754,-0.928448822185542,5.79589291206047,8.81555093295886,3.02280106915135,0.193
3.39859877838864,-0.0562705786440151,-0.0231950877753941,-0.965426826293908,7.6657702630368,6.09215638608657,2.96305486543864,0.193
3.48856870227839,-0.0514301337486094,-0.0155205617054976,-0.983821768685486,9.55688379352603,3.20592676829517,2.89339673932748,0.193
3.52834239045864,-0.0493495839326697,-0.0137735465247361,-0.998284884212671,11.437555778992,0.241007675026911,2.81749944178132,0.193
3.55108418410902,-0.0479187190632701,-0.0131367833444802,-1.01170665006041,13.294353575533,-2.77387275644857,2.73643365733591,0.193
3.56797491929065,-0.046670133818707,-0.012704539430623,-1.0246206438323,15.1226197739127,-5.82866544359609,2.65057680312216,0.193
3.58255817072079,-0.0454976430918105,-0.01231999637751,-1.03713061172706,16.9209679593894,-8.91919189990231,2.56012432416409,0.193
3.59594322769321,-0.044374898163061,-0.0119580158472559,-1.0492680048791,18.6891080115242,-12.0431060053314,2.46522014043349,0.193
3.60849417482635,-0.0432936684949223,-0.0116142824679003,-1.06105270797229,20.4271075215783,-15.1986667762776,2.36599085217105,0.193
3.62035035230809,-0.042250096115492,-0.0112872209578672,-1.07250212571867,22.1351578406847,-18.3843692805518,2.26255519920931,0.193
3.63158231272766,-0.0412415482927158,-0.010975528179001,-1.08363227202965,23.8135016416249,-21.5988318609195,2.15502688464938,0.193
3.64223794522329,-0.0402658593776082,-0.0106779780955541,-1.09445789510463,25.4624097497108,-24.8407591993038,2.04351553852849,0.193
3.65235617215148,-0.0393211269027854,-0.0103934489718702,-1.10499256723514,27.082172700224,-28.1089279117566,1.92812713519272,0.193
3.66197117515538,-0.0384056422316351,-0.0101209344135599,-1.11524879668591,28.6730967510173,-31.4021790528755,1.80896423886992,0.193
3.67111385440326,-0.0375178568921875,-0.00985953694726484,-1.12523814068194,30.2355013466747,-34.7194129519221,1.68612618763268,0.193
3.67981246120125,-0.0366563603064743,-0.0096084559996059,-1.13497130848105,31.7697171524505,-38.0595850162971,1.55970924953074,0.193
3.6880929649495,-0.035819862483528,-0.0093669755785276,-1.14445825204065,33.2760843874773,-41.4217020716954,1.42980676210473,0.193
3.69597931900516,-0.0350071796917209,-0.00913445324298848,-1.15370824495596,34.7549513630257,-44.8048190822781,1.29650925965233,0.193
3.70349367624484,-0.0342172223089795,-0.0089103106118281,-1.16272995114042,36.2066731839478,-48.2080361777323,1.15990459043509,0.193
3.71065657212813,-0.0334489844077059,-0.00869402527940814,-1.17153148473455,37.6316105884601,-51.6304959422626,1.02007802523382,0.193
3.71748708312802,-0.0327015347687233,-0.00848512393091232,-1.18012046254777,39.0301289081573,-55.0713809322011,0.877112358316935,0.193
3.72400296509013,-0.0319740090897499,-0.00828317646158055,-1.18850405013258,40.4025971336769,-58.5299113952361,0.731088001690856,0.193
3.72403674856174,-0.0251576592146008,0.0252111687436696,-1.17425199498439,41.7826286982114,-61.9902541219367,0.585466220339231,0.181
3.71010962514482,-0.0261946056285463,0.0294872528656776,-1.14643672436666,43.2415614383716,-65.4099636424272,0.448211845716112,0.181
3.688478024933,-0.0280943036221152,0.0317214356613637,-1.11581490752684,44.7910627306261,-68.7695771072044,0.321503993639517,0.181
3.66194423662628,-0.0302032395452083,0.0339753630186472,-1.08297787664241,46.4335594059874,-72.0577052105301,0.20630979368201,0.181
3.63096313291119,-0.0324896990720291,0.0363803732741052,-1.04781328843004,48.1709802214761,-75.2640142875245,0.103487615376601,0.181
3.59519849029008,-0.0349682577850704,0.0389479918593896,-1.0101629164806,50.0046628203451,-78.3776404085365,0.0138915688265933,0.181
3.55402379606114,-0.0376602232578468,0.0416844014136977,-0.969861036482743,51.9349724971462,-81.3867688655811,-0.0616257457904463,0.181
3.50665362934489,-0.0405915960574767,0.0445951852979104,-0.926735966800604,53.9609559106369,-84.27852773124,-0.12223002744223,0.181
3.45216834780744,-0.0437942112522199,0.0476838879148116,-0.880611315312753,56.0799748646164,-87.0390009369467,-0.167131825063126,0.181
3.38950860675053,-0.0473077788448865,0.0509499235336928,-0.831309000574017,58.287291818121,-89.6533270965786,-0.19562246949204,0.181
3.31746142905156,-0.0511829645632664,0.0543852865557948,-0.778654885585308,60.5755978609793,-92.1058973127245,-0.207120961622173,0.181
3.23464540487154,-0.0554860737979485,0.05796883328017,-0.722488782501495,62.934484404108,-94.3806851626453,-0.20123405309762,0.181
3.13950090222123,-0.0603063383186564,0.0616558668605657,-0.662682265784555,65.3498708656924,-96.4617576400406,-0.177832074204386,0.181
3.04819980124535,-0.0751067448985248,0.0159728513676948,-0.629409770273569,67.7834425155977,-98.3688599795261,-0.140979222475003,0.189289583865273
3.00452373252832,-0.0851187743106361,-0.021433286159096,-0.635973661416245,70.1776014012483,-100.213492431838,-0.102512372141261,0.193
3.01576733155216,-0.0857626543716314,-0.0303250896882531,-0.663086435804445,72.5211738559742,-102.098560859202,-0.0704170902259227,0.193
3.05722272696792,-0.0829749905741368,-0.0305115693776858,-0.693852389632679,74.830858517951,-104.06912358069,-0.0466785543917311,0.193
3.10834417205174,-0.0793874685330493,-0.0284839100639155,-0.723414970844968,77.1179229175346,-106.137292268375,-0.0313558545588436,0.193
3.15903547005052,-0.0759025585370517,-0.0262399261619267,-0.750762681428651,79.3856613311792,-108.301646580121,-0.0241189674259204,0.193
3.20572794640042,-0.0727447373263181,-0.0242744455233004,-0.775991860292582,81.6333700782318,-110.556163990686,-0.0245955738718241,0.193
3.24779089599646,-0.069915650703327,-0.02263099519415,-0.799419757453449,83.8590665752946,-112.893970230279,-0.0324432558489248,0.193
3.27020445528447,-0.0584004241113331,0.0266647959311928,-0.790539243682287,86.0897913715409,-115.275740955235,-0.0430164708585768,0.185016820207689
3.24473039249997,-0.0560966131824297,0.0481646234780572,-0.749948856273924,88.3871918522052,-117.590967671761,-0.0442643073689108,0.182320934561606
3.19208936973737,-0.064934809050086,0.0229696742609771,-0.717739187670436,90.7405839387441,-119.787132898024,-0.033258427149599,0.187787076363078
3.15813957639877,-0.0747885036274828,-0.0150122063139255,-0.717903793202347,93.0897339875898,-121.919485116866,-0.0180825790493244,0.193
3.16368046278279,-0.0757752419821514,-0.0235835453516242,-0.738364249058784,95.398080956091,-124.076039427112,-0.007457092971514,0.193
3.19236554065075,-0.0738692796222881,-0.024345336102707,-0.762616659702274,97.6704245393631,-126.297318140927,-0.00388255210947198,0.193
3.22896680838698,-0.0713006359952611,-0.0232825935601868,-0.786487086358696,99.9139307616917,-128.594759653861,-0.00765802245189532,0.193
3.26008976340375,-0.0650688605938242,-0.00249547653888114,-0.7968708245575,102.142607989097,-130.955669168978,-0.016914282591619,0.189920430059663
3.26529807604931,-0.0591034853551716,0.0260169927316094,-0.781143931501104,104.394628563648,-133.321382821395,-0.0248727980423321,0.185705564365064
3.23898084737746,-0.0601540071387743,0.0307614192970974,-0.752109148421092,106.696259152391,-135.622413379723,-0.0248307959132117,0.185686668205136
3.2096908132809,-0.0709975373764186,-0.0118196322106677,-0.747338063989079,109.016871536113,-137.858808051468,-0.0189355560748743,0.193
3.2127292559027,-0.0724342729510515,-0.0214076377217484,-0.765225075320375,111.303030055933,-140.111379255904,-0.016584443998014,0.193
3.23730026027078,-0.0708463780144607,-0.0225502525979833,-0.787508956189023,113.553018428121,-142.421327512065,-0.0207816358760884,0.193
3.26048517258715,-0.0630920107555513,0.00734537569653602,-0.791339287235244,115.789635211295,-144.781115257071,-0.0294036032043489,0.188344056205944
1,0,0,0,0,-14.2857142857143,1,0.193
1.18685112002197,-0.540688970400371,-0.326358708402939,-0.229204887691844,0.970884969554046,-14.6643025637259,1.04146076840797,0.193
2.04931582158341,-0.384116834807443,-0.338675199061055,-0.48036122669148,2.28621195032319,-15.7707134419299,1.05608489558753,0.193
2.68561294801869,-0.138499108677672,-0.209104598332525,-0.809196254416902,3.99602684025119,-17.4107903452295,1.06096655465152,0.193
3.17429909585019,-0.073242317972856,-0.0597821137889754,-0.928448822185542,5.79589291206047,-19.7558776384697,1.02280106915135,0.193
3.39859877838864,-0.0562705786440151,-0.0231950877753941,-0.965426826293908,7.6657702630368,-22.479272185342,0.963054865438636,0.193
3.48856870227839,-0.0514301337486094,-0.0155205617054976,-0.983821768685486,9.55688379352603,-25.3655018031334,0.893396739327485,0.193
3.52834239045864,-0.0493495839326697,-0.0137735465247361,-0.998284884212671,11.437555778992,-28.3304208964016,0.817499441781322,0.193
3.55108418410902,-0.0479187190632701,-0.0131367833444802,-1.01170665006041,13.294353575533,-31.3453013278771,0.736433657335913,0.193
3.56797491929065,-0.046670133818707,-0.012704539430623,-1.0246206438323,15.1226197739127,-34.4000940150246,0.650576803122162,0.193
3.58255817072079,-0.0454976430918105,-0.01231999637751,-1.03713061172706,16.9209679593894,-37.4906204713309,0.560124324164095,0.193
3.59280872368324,-0.0418420992938161,0.00162869030097818,-1.04053901147959,18.7003686963415,-40.6071040773484,0.466528523329517,0.18976517252105
3.58660498292494,-0.0355094551778235,0.0360421595812824,-1.01598279264203,20.5144849796812,-43.7073677610748,0.376498205302444,0.181
3.55698588000318,-0.0372782514358127,0.0411382869270555,-0.976906406829742,22.4239962101233,-46.7275988809335,0.29874781304328,0.181
3.51387587404404,-0.0400898782953918,0.0441195744131791,-0.934262487669345,24.4323467886673,-49.6381926514252,0.235590789606945,0.181
3.46156228533322,-0.0432348206874513,0.0471620570521141,-0.888636604995266,26.5354144044728,-52.4213530243035,0.187984296611852,0.181
3.40061993642479,-0.0466908295403577,0.050389963727482,-0.839875976273052,28.728093539956,-55.0613183603456,0.156674262572727,0.181
3.33641988041345,-0.0540118565033534,0.0349559660181456,-0.799790492318662,30.991809791467,-57.5554113344894,0.140547891988435,0.185118180708483
3.29189741034008,-0.0658371589721394,-0.00943230184738097,-0.792182622242274,33.2729880517201,-59.9557529763883,0.132206455273227,0.193
3.28711619212484,-0.0675421564809731,-0.0189457363198548,-0.807645509049744,35.5167398009478,-62.358355513675,0.121086900109094,0.193
3.30537385826658,-0.0662699668248462,-0.0201906426288367,-0.827500826760056,37.721849395751,-64.8076874977481,0.103991332860197,0.193
3.3237340546293,-0.0592711180039147,0.00730541503058433,-0.830383698371105,39.9111219127246,-67.299076838214,0.0828431552157371,0.188433619362363
3.31483834530378,-0.0542127063778519,0.0358869812609658,-0.804575398697805,42.1374671013044,-69.765613833002,0.0660297287811616,0.183897634493865
3.27582164432341,-0.0570547597773301,0.0359321497680949,-0.768776493804833,44.4262801600759,-72.1391187397713,0.0601012994213172,0.184825426891859
3.23823533398413,-0.0690821476752903,-0.0101593668939223,-0.761079755344684,46.7382856639292,-74.4304682221793,0.0615472209224888,0.193
3.23657987757181,-0.070871896977578,-0.0204244827030365,-0.777725024045273,49.0146968221645,-76.7295522330619,0.059960121237179,0.193
3.2581748946062,-0.0694606180215328,-0.0217712290069225,-0.799141544577908,51.253440056302,-79.0812019594094,0.0520566667824763,0.193
3.28028325871851,-0.0624398027358823,0.004791975462087,-0.804293376263365,53.476092331277,-81.4815023432094,0.0396212991647241,0.188798867716951
3.27559845174812,-0.0574542397785522,0.031588906008907,-0.782269906744075,55.7304766496356,-83.8658764208707,0.030522016013545,0.184841388724023
3.24196910011913,-0.0602132475366546,0.0301688401522116,-0.751628624745508,58.0373319716912,-86.1703712988152,0.0306872471013222,0.185937073218766
3.21039183847889,-0.0710317430271383,-0.011988577110602,-0.747205643272543,60.3596710955665,-88.4072560864468,0.0366690506383799,0.193
3.21288168816374,-0.07244398895089,-0.0214499856763286,-0.765184375057685,62.6462529477437,-90.6599151473215,0.0390436460295504,0.193
3.23732266752925,-0.07084970000829,-0.0225609181426007,-0.787491163191522,64.8963504868325,-92.9698578912458,0.0348544816910744,0.193
3.26243535178516,-0.0642249824198588,0.00129980370422063,-0.795194044382945,67.1294258837148,-95.3337746088493,0.0256955892405894,0.189330083270118
3.26231573576241,-0.0589239299727749,0.0281142085576819,-0.776724206436591,69.3890115133556,-97.6916711207177,0.0188138274846555,0.185435842606035
3.23305878679399,-0.0609631046865031,0.0288159725582038,-0.7481769428885,71.6971952230557,-99.9793329543133,0.0202503588119731,0.186116514406095
3.20412727733758,-0.0714481292363886,-0.0124001388421454,-0.744509806719961,74.0203773884946,-102.204606755184,0.0271039443317315,0.193
3.20798417486244,-0.0727601769272989,-0.0216660072987272,-0.762779877587329,76.3083951651014,-104.447959326796,0.030230508681389,0.193
3.23318837765605,-0.0711211794138014,-0.0227198912210729,-0.785269714121231,78.5604060688146,-106.7497768415,0.02674404591202,0.193
3.25801897428873,-0.0640206661106422,0.00355274520160677,-0.791600584009421,80.7970412367562,-109.104692812256,0.0184643897150328,0.188956355504703
3.25577217634234,-0.0590473245070715,0.0295420422258221,-0.771390019390523,83.063467042349,-111.448485161622,0.0130487316508951,0.185255148233024
3.22495821759856,-0.0617678646329103,0.0273873295994199,-0.743228506043045,85.3780662963606,-113.718960232963,0.0161374244378076,0.186433827745292
3.1964540343666,-0.0720043114985532,-0.0129090653025829,-0.740415807550343,87.7047841476767,-115.929007904529,0.0243043370203215,0.193
3.20108271968123,-0.073225334460461,-0.0219734563967525,-0.759071454217724,89.9958180441284,-118.158861752607,0.0285869404064688,0.193
3.22699715998567,-0.0715357063728498,-0.0229621212883137,-0.78183200427759,92.2510267019093,-120.448391404953,0.0261844707869703,0.193
3.25360237439208,-0.065079485541566,-0.000303006191287985,-0.790716059020739,94.4889066687546,-122.794481720427,0.0186097463829034,0.189563522469034
3.25566020858658,-0.0596372979102308,0.0264863719317389,-0.773901388508526,96.7510225788756,-125.139185491758,0.0128285960982392,0.185705315604965
3.22849098598349,-0.0613443134529164,0.0281473997397256,-0.746360227581528,99.0599624906572,-127.418211831035,0.0149225461735373,0.186205206022779
3.20084510241028,-0.0716664563909153,-0.012609736393237,-0.743070672640155,101.383646232521,-129.63738733774,0.022238122634665,0.193
3.20538103830098,-0.0729287420855162,-0.0217799880708869,-0.761491626558345,103.672448974886,-131.875788733324,0.0257662169093274,0.193
3.23097561609627,-0.0712667353032061,-0.0228052079455095,-0.784078980795154,105.925482689278,-134.173260116964,0.0226555800620023,0.193
3.25572960197081,-0.0639594363228139,0.00450364721015636,-0.789836659659888,108.163863226303,-136.523524273352,0.0148237267066036,0.188797788029737
3.25260101579064,-0.0591278467163546,0.0301227557461391,-0.76890681617083,110.433400090014,-138.860538328924,0.0101003232763039,0.18518413834736
3.22115927434629,-0.0621432319069377,0.0267171527881528,-0.740955610656327,112.750838976433,-141.123018700343,0.0139474193263147,0.18657835033206
3.1928995040714,-0.0722616377805312,-0.0131479968227967,-0.738544270454019,115.079098902873,-143.326056984609,0.0227129342784511,0.193
3.19790651457886,-0.0734391643417677,-0.0221166300247156,-0.757380307582045,117.371457632437,-145.549728254258,0.0275210564725357,0.193
3.22415838177993,-0.0717255540616729,-0.0230741465592785,-0.780266471890711,119.628085960927,-147.833645121633,0.0256108587506373,0.193
3.25155406561369,-0.0655485220995704,-0.00198507729438221,-0.790262950182775,121.866557996763,-150.175653265268,0.0183633312046242,0.189824755477869
3.25550208869085,-0.0599030764463505,0.0251436383735696,-0.774938644558353,124.126853631597,-152.520533730866,0.0124423930511842,0.185900165914675
3.22993072552467,-0.0611659077197639,0.0284753225049527,-0.747672228779386,126.433361994984,-154.80309044097,0.0141190087810008,0.186105862067994
3.20266398920664,-0.0715253152566618,-0.0124827099340269,-0.744178141276581,128.755751039154,-157.026063912234,0.0210780988844019,0.193
